Subject,Epoch,State,Mean_log10_power,N_Windows,Slope_log10_power_per_second
sub-01,sub-01_10_0,Focus,-11.843952825331478,9,0.04683502972554287
sub-01,sub-01_10_1,Focus,-11.809713888950368,9,0.05499943152107816
sub-01,sub-01_10_10,MW,-11.729497583478144,8,-0.014475455513126035
sub-01,sub-01_10_11,Focus,-11.776942850838923,9,-0.11171607906309436
sub-01,sub-01_10_12,MW,-11.59082558621586,8,-0.0320873295730138
sub-01,sub-01_10_13,Focus,-11.770474941656419,9,-0.009267974754799967
sub-01,sub-01_10_14,MW,-11.618286250768765,8,-0.02585347257519431
sub-01,sub-01_10_15,Focus,-11.81223150354223,9,-0.09405806250091628
sub-01,sub-01_10_16,MW,-11.725400607228128,8,0.08087334976269146
sub-01,sub-01_10_17,Focus,-11.831438989483935,9,0.0637899341826775
sub-01,sub-01_10_18,MW,-11.853644915230449,8,-0.07093665143549907
sub-01,sub-01_10_19,Focus,-11.2880194518279,9,0.22081316714183094
sub-01,sub-01_10_2,Focus,-11.789635631500847,9,0.017975910739053486
sub-01,sub-01_10_20,Focus,-11.813662856524367,9,0.06758109786262902
sub-01,sub-01_10_21,MW,-11.763226266094229,8,-0.008115501485849077
sub-01,sub-01_10_22,Focus,-11.784490419862234,9,0.007891721506845393
sub-01,sub-01_10_23,MW,-11.755522497855209,8,-0.02841596644541684
sub-01,sub-01_10_24,Focus,-11.850630178532674,9,0.011205092185953698
sub-01,sub-01_10_25,MW,-11.778417167058333,8,-0.13627700240057136
sub-01,sub-01_10_26,Focus,-11.859570354066882,9,-0.019355657969392516
sub-01,sub-01_10_27,MW,-11.830129059000056,8,-0.08650699233474024
sub-01,sub-01_10_28,Focus,-11.673653508874423,9,-0.04722836957533107
sub-01,sub-01_10_29,MW,-11.663510235562324,8,0.005954960678067383
sub-01,sub-01_10_3,Focus,-11.851885331816947,9,-0.01673813138102605
sub-01,sub-01_10_30,Focus,-11.913497535511954,9,0.07042712034316245
sub-01,sub-01_10_31,MW,-11.946929233711185,8,0.00949298995604534
sub-01,sub-01_10_32,Focus,-11.667510745911864,9,0.061431104506591346
sub-01,sub-01_10_33,MW,-11.726141248099346,8,0.015264721780842042
sub-01,sub-01_10_34,Focus,-11.725802965163398,9,0.0474096134025617
sub-01,sub-01_10_35,MW,-11.820245936026268,8,-0.09536721251652883
sub-01,sub-01_10_36,Focus,-11.777104599488926,9,-0.025622115385445315
sub-01,sub-01_10_37,MW,-11.790025157806527,8,-0.08588413543517213
sub-01,sub-01_10_38,Focus,-11.829272953660924,9,0.03544000954064492
sub-01,sub-01_10_39,MW,-11.721033035426796,8,-0.08912765502148191
sub-01,sub-01_10_4,MW,-11.814411552631908,8,-0.15775258873778333
sub-01,sub-01_10_40,Focus,-11.872043793618586,9,-0.06565397962240897
sub-01,sub-01_10_41,MW,-11.794445114744498,8,0.04459595178829105
sub-01,sub-01_10_42,Focus,-11.905110365958064,9,0.009975212498300601
sub-01,sub-01_10_43,MW,-11.80717927878251,8,-0.02381349059222998
sub-01,sub-01_10_44,Focus,-11.775743463992784,9,-0.0899727148522228
sub-01,sub-01_10_45,MW,-11.649112440378424,8,0.26848628406115477
sub-01,sub-01_10_46,Focus,-11.703714445803524,9,-0.10806028732194126
sub-01,sub-01_10_47,MW,-11.562998990070525,8,0.11838849638367045
sub-01,sub-01_10_48,Focus,-11.700970642507773,9,-0.009062023988824035
sub-01,sub-01_10_49,MW,-11.746028427816414,8,-0.08679401334093345
sub-01,sub-01_10_5,Focus,-11.828800505156757,9,0.05058308279817971
sub-01,sub-01_10_50,Focus,-11.828172562386051,9,0.03942785676701296
sub-01,sub-01_10_51,MW,-11.752274183461495,8,0.0006918055810069806
sub-01,sub-01_10_52,Focus,-11.75471928444024,9,0.06144421295852208
sub-01,sub-01_10_53,MW,-11.506407990885593,8,0.04868091234716397
sub-01,sub-01_10_54,Focus,-11.813482174518452,9,0.02345954229011236
sub-01,sub-01_10_55,MW,-11.736879012815802,8,0.08799147270438858
sub-01,sub-01_10_56,Focus,-11.904115221551335,9,0.01347789027295157
sub-01,sub-01_10_57,MW,-11.873574343099992,8,-0.021205535055599106
sub-01,sub-01_10_58,Focus,-11.938058292286541,9,-0.02564982375737315
sub-01,sub-01_10_59,MW,-11.77073759048779,8,0.011509589466241641
sub-01,sub-01_10_6,MW,-11.810369279893221,8,0.0011182021252538232
sub-01,sub-01_10_60,Focus,-11.829432161402785,9,-0.0878350117605198
sub-01,sub-01_10_61,MW,-11.74036667707204,8,-0.028411360275082703
sub-01,sub-01_10_62,Focus,-11.185503932223462,9,-0.2501597490622468
sub-01,sub-01_10_7,Focus,-11.841587456993018,9,0.0044897373079919
sub-01,sub-01_10_8,MW,-11.616921182385617,8,0.10633188463535403
sub-01,sub-01_10_9,Focus,-11.83023752383947,9,-0.07628630917031662
sub-01,sub-01_11_0,Focus,-11.737549107026233,9,-0.1069940226093505
sub-01,sub-01_11_1,Focus,-11.704664671191589,9,-0.1369455228263185
sub-01,sub-01_11_10,Focus,-11.737734531088476,9,-0.023169253949855532
sub-01,sub-01_11_11,MW,-11.79077007076733,8,-0.04441488408188496
sub-01,sub-01_11_12,Focus,-11.702291894216316,9,0.05963150779623152
sub-01,sub-01_11_13,MW,-11.471914833072548,8,0.13784718570397392
sub-01,sub-01_11_14,Focus,-11.559117790961693,9,-0.010465272458784721
sub-01,sub-01_11_15,MW,-11.572023487969389,8,-0.14305926128278346
sub-01,sub-01_11_16,Focus,-11.768567352772708,9,0.012656120615153537
sub-01,sub-01_11_17,Focus,-11.810783881168703,9,-0.10429364498790426
sub-01,sub-01_11_18,MW,-11.450254762408939,8,-0.003998118391802177
sub-01,sub-01_11_19,Focus,-11.568325985606258,9,0.20109263661287632
sub-01,sub-01_11_2,Focus,-11.862829807245022,9,0.03854896173800359
sub-01,sub-01_11_20,Focus,-11.780463680415156,9,0.019505997193238863
sub-01,sub-01_11_21,MW,-11.628389318617618,8,-0.10733268535874661
sub-01,sub-01_11_22,Focus,-11.584444326344826,9,0.07684499584941194
sub-01,sub-01_11_23,MW,-11.30541161540604,8,-0.1590453218698787
sub-01,sub-01_11_24,Focus,-11.709077507936906,9,-0.1225671924234648
sub-01,sub-01_11_25,MW,-11.52590175247561,8,0.08057005671201938
sub-01,sub-01_11_26,Focus,-11.81067071748412,9,-0.06269773034316183
sub-01,sub-01_11_27,MW,-11.584494883989972,8,-0.06304408014317733
sub-01,sub-01_11_28,Focus,-11.63110189121368,9,0.0693402832541801
sub-01,sub-01_11_29,MW,-11.370929363036549,8,0.06560246348526706
sub-01,sub-01_11_3,MW,-11.632887232161337,8,-0.11254911599524481
sub-01,sub-01_11_30,Focus,-11.870932171665057,9,-0.052899890365655816
sub-01,sub-01_11_31,MW,-11.69526208319585,8,0.14620325250193114
sub-01,sub-01_11_32,Focus,-11.555447205060256,9,0.03142577950148715
sub-01,sub-01_11_33,MW,-11.406128362355263,8,-0.3245064696389054
sub-01,sub-01_11_34,Focus,-11.591383686141146,9,0.012815918251829437
sub-01,sub-01_11_35,MW,-11.596906129556917,8,-0.16140172008649734
sub-01,sub-01_11_36,Focus,-11.534932129956301,9,0.0979608298424035
sub-01,sub-01_11_37,MW,-11.536945999645468,8,-0.121464758517861
sub-01,sub-01_11_38,Focus,-11.62823786549133,9,0.03262017582572734
sub-01,sub-01_11_39,MW,-11.473451646853531,8,0.08296434786257853
sub-01,sub-01_11_4,Focus,-11.594466772761908,9,-0.07088924281141626
sub-01,sub-01_11_40,Focus,-11.774391979458555,9,0.027556407939887055
sub-01,sub-01_11_41,MW,-11.701271359318477,8,0.0031346807087307684
sub-01,sub-01_11_42,Focus,-11.585479344991597,9,0.1468458666460538
sub-01,sub-01_11_43,MW,-11.479809634328669,8,-0.014505250505687217
sub-01,sub-01_11_44,Focus,-11.749894598383902,9,-0.12223998549675193
sub-01,sub-01_11_45,MW,-11.810694747388307,8,-0.16654792484038827
sub-01,sub-01_11_46,Focus,-11.850927726586043,9,0.028818250113819104
sub-01,sub-01_11_47,MW,-11.577712086230656,8,0.028055466724993514
sub-01,sub-01_11_48,Focus,-11.754961012986174,9,0.05110600145352578
sub-01,sub-01_11_49,MW,-11.62013012017849,8,0.14433912839561297
sub-01,sub-01_11_5,MW,-11.834674071174941,8,-0.0273123694045214
sub-01,sub-01_11_50,Focus,-11.760844558042848,9,0.09724105919019657
sub-01,sub-01_11_51,MW,-11.738164820508741,8,-0.021241067391178935
sub-01,sub-01_11_52,Focus,-11.872008421917583,9,-0.0007692334932218517
sub-01,sub-01_11_53,MW,-11.60666452582549,8,0.10229211108464832
sub-01,sub-01_11_54,MW,-11.387734641033925,8,-0.08961778112847389
sub-01,sub-01_11_55,Focus,-11.624876108295027,9,0.08506551407024941
sub-01,sub-01_11_56,MW,-11.47664455484218,8,-0.11919950049439725
sub-01,sub-01_11_57,Focus,-11.70660431166668,9,-0.12221593510646911
sub-01,sub-01_11_58,MW,-11.506734150180861,8,-0.014180230352928905
sub-01,sub-01_11_59,Focus,-11.474966477852524,9,0.12405869764335518
sub-01,sub-01_11_6,Focus,-11.412001133476803,9,0.16439048714913984
sub-01,sub-01_11_60,MW,-11.454034359284709,8,-0.04274271150700521
sub-01,sub-01_11_61,Focus,-11.653859601591481,9,-0.027448830115181976
sub-01,sub-01_11_62,MW,-11.441210338784884,8,-0.030681332304856857
sub-01,sub-01_11_63,Focus,-11.499933489615252,9,0.023636770944485463
sub-01,sub-01_11_64,MW,-11.3450656543238,8,-0.04727364483950378
sub-01,sub-01_11_65,Focus,-11.627665256314078,9,0.047191791959119794
sub-01,sub-01_11_66,MW,-11.5252725063757,8,0.13140925740116324
sub-01,sub-01_11_67,Focus,-11.80218730433869,9,0.02351791400608255
sub-01,sub-01_11_68,MW,-11.334686904380485,8,0.16814979830783694
sub-01,sub-01_11_69,Focus,-11.68597103853227,9,0.19300268577034688
sub-01,sub-01_11_7,MW,-11.626711005165106,8,-0.022640543755319615
sub-01,sub-01_11_70,MW,-11.525089640830064,8,-0.06066944865598518
sub-01,sub-01_11_71,Focus,-11.745769777324346,9,-0.1549601263833574
sub-01,sub-01_11_72,MW,-11.542551792948712,8,-0.013074453904584279
sub-01,sub-01_11_73,MW,-11.572457163922863,8,-0.2334761482862901
sub-01,sub-01_11_74,Focus,-11.522308116291306,9,0.2681091246691561
sub-01,sub-01_11_75,MW,-11.52900135235604,8,0.15276278433633866
sub-01,sub-01_11_76,Focus,-11.774445039772717,9,-0.09612246708005434
sub-01,sub-01_11_77,Focus,-11.262958046410311,9,0.01915324246878281
sub-01,sub-01_11_8,Focus,-11.606354642933288,9,-0.10537635903154152
sub-01,sub-01_11_9,MW,-11.815669791872697,8,0.043659409723789774
sub-01,sub-01_1_0,Focus,-11.772299441112242,9,-0.018273317913597154
sub-01,sub-01_1_1,Focus,-11.714008974105006,9,0.0055312501801844036
sub-01,sub-01_1_10,Focus,-11.557342851391507,9,-0.12236209465004812
sub-01,sub-01_1_11,MW,-11.705183828256027,8,0.04585639267944708
sub-01,sub-01_1_12,Focus,-11.713134673367488,9,0.06922564118521547
sub-01,sub-01_1_13,MW,-11.569659906655644,8,-0.17321386402684144
sub-01,sub-01_1_14,Focus,-11.610629087244128,9,-0.033399204656936105
sub-01,sub-01_1_15,MW,-11.480941260607961,8,-0.029485229177929534
sub-01,sub-01_1_16,Focus,-11.645289803045168,9,0.03194539001389745
sub-01,sub-01_1_17,MW,-11.774171086056795,8,-0.03306847552695568
sub-01,sub-01_1_18,Focus,-11.688155917474612,9,0.008465264806978479
sub-01,sub-01_1_19,MW,-11.440325968932786,8,-0.001952038513679431
sub-01,sub-01_1_2,Focus,-11.71555805221466,9,0.04682207182478944
sub-01,sub-01_1_20,Focus,-11.665717498264549,9,-0.02117688015354682
sub-01,sub-01_1_21,MW,-11.805181833123733,8,0.05245288928703019
sub-01,sub-01_1_22,Focus,-11.615593768219682,9,0.012300949090326285
sub-01,sub-01_1_23,MW,-11.476001363042723,8,-0.06364051125650654
sub-01,sub-01_1_24,Focus,-11.69059474273714,9,-0.08306134232912596
sub-01,sub-01_1_25,MW,-11.266441090180493,8,-0.059808741591801766
sub-01,sub-01_1_26,Focus,-11.573016607572875,9,-0.0882283852198564
sub-01,sub-01_1_27,MW,-11.41625230727465,8,-0.2533897483202771
sub-01,sub-01_1_28,Focus,-11.681097856876816,9,0.06979749435809136
sub-01,sub-01_1_29,MW,-11.329944652042176,8,-0.011480977771357629
sub-01,sub-01_1_3,MW,-11.626911827073446,8,0.00807692653968493
sub-01,sub-01_1_30,Focus,-11.726123584287016,9,-0.04098371387910754
sub-01,sub-01_1_31,MW,-11.469707965375392,8,0.08436365003127146
sub-01,sub-01_1_32,Focus,-11.59841294224325,9,-0.10044655992488954
sub-01,sub-01_1_33,MW,-11.77475555264286,8,0.09972910997046086
sub-01,sub-01_1_34,Focus,-11.676447134708809,9,-0.05506922999435566
sub-01,sub-01_1_35,MW,-11.234576079923166,8,0.0759521911863118
sub-01,sub-01_1_36,Focus,-11.671348745190809,9,-0.03143601068590592
sub-01,sub-01_1_37,MW,-11.44358594147785,8,0.12810995594031627
sub-01,sub-01_1_38,Focus,-11.626751772657789,9,-0.02475272480148653
sub-01,sub-01_1_39,MW,-11.345470099449281,8,-0.01411114974071299
sub-01,sub-01_1_4,Focus,-11.66249325405883,9,0.06555164190423664
sub-01,sub-01_1_40,Focus,-11.622185315075152,9,-0.02005274800583622
sub-01,sub-01_1_41,MW,-11.421477566551935,8,0.05358647170627289
sub-01,sub-01_1_42,Focus,-11.571128265506363,9,0.06788495727735278
sub-01,sub-01_1_43,MW,-11.472586211543273,8,-0.0038290342713623374
sub-01,sub-01_1_44,Focus,-11.750130331705742,9,0.033856197702815144
sub-01,sub-01_1_45,MW,-11.475325317124861,8,0.06389783432068122
sub-01,sub-01_1_46,Focus,-11.579719905363742,9,0.005362622833321883
sub-01,sub-01_1_47,MW,-11.09438366771278,8,-0.2657442549252069
sub-01,sub-01_1_48,Focus,-11.621133078593806,9,-0.0887186066624956
sub-01,sub-01_1_49,MW,-11.455795187667025,8,-0.007641328696560085
sub-01,sub-01_1_5,MW,-11.654074979160793,8,0.0036788756692884787
sub-01,sub-01_1_50,Focus,-11.562592661894772,9,0.033259474321987885
sub-01,sub-01_1_51,MW,-11.198259881933158,8,0.022416740450675342
sub-01,sub-01_1_52,Focus,-11.556443657868739,9,-0.0031664119881415556
sub-01,sub-01_1_53,MW,-11.207896542473797,8,-0.1335377590188771
sub-01,sub-01_1_54,Focus,-11.594733001523943,9,0.04070836937895999
sub-01,sub-01_1_55,Focus,-11.258456999667967,9,0.04253124274634019
sub-01,sub-01_1_6,Focus,-11.655763794411993,9,-0.017816134811247802
sub-01,sub-01_1_7,MW,-11.547020131616716,8,-0.08996408586201719
sub-01,sub-01_1_8,Focus,-11.576669497627774,9,-0.07740293764390609
sub-01,sub-01_1_9,MW,-11.666544132804226,8,-0.06745359414161463
sub-01,sub-01_2_0,Focus,-11.785242896797559,9,-0.008418675439712147
sub-01,sub-01_2_1,Focus,-11.78712955259068,9,-0.1196611297549557
sub-01,sub-01_2_10,Focus,-11.945008758516057,9,0.045465149922250044
sub-01,sub-01_2_11,MW,-11.955495438161329,8,0.06157102904317284
sub-01,sub-01_2_12,Focus,-12.146406105698706,9,-0.05568169228466162
sub-01,sub-01_2_13,MW,-11.721657388233506,8,-0.0029630155790502394
sub-01,sub-01_2_14,Focus,-11.78848767279637,9,0.1707869932908857
sub-01,sub-01_2_15,MW,-11.987432789601712,8,-0.009780421004544246
sub-01,sub-01_2_16,Focus,-11.969831728208966,9,-0.1644304666420951
sub-01,sub-01_2_17,MW,-11.915257795616219,8,0.0020657122941653895
sub-01,sub-01_2_18,Focus,-11.952812149621774,9,-0.04831181473545054
sub-01,sub-01_2_19,MW,-11.980533161282251,8,0.02300354761079187
sub-01,sub-01_2_2,Focus,-11.88644552426069,9,-0.15098552409165034
sub-01,sub-01_2_20,Focus,-12.12285651077067,9,-0.019197443008123736
sub-01,sub-01_2_21,MW,-11.909950825374203,8,-0.03266081034641604
sub-01,sub-01_2_22,Focus,-12.007214604703517,9,-0.023233976384351627
sub-01,sub-01_2_23,MW,-11.82584937200561,8,0.23597468378750053
sub-01,sub-01_2_24,Focus,-11.932335248724103,9,-0.18638086403278883
sub-01,sub-01_2_25,MW,-12.068460135109357,8,0.03171334800588756
sub-01,sub-01_2_26,Focus,-12.034191030529607,9,0.01884672077188288
sub-01,sub-01_2_27,MW,-11.806790316264923,8,0.07017418895221181
sub-01,sub-01_2_28,Focus,-11.846690403473117,9,-0.005944995519102934
sub-01,sub-01_2_29,MW,-11.87091799117659,8,-0.1847219147091003
sub-01,sub-01_2_3,MW,-11.888484979039303,8,0.1984894632997522
sub-01,sub-01_2_30,Focus,-11.944132523896535,9,0.022385203701979887
sub-01,sub-01_2_31,MW,-11.970498579571073,8,-0.06518422834205845
sub-01,sub-01_2_32,Focus,-12.095604466299896,9,-0.006486190108417961
sub-01,sub-01_2_33,MW,-12.045492392670937,8,-0.043937961136944655
sub-01,sub-01_2_34,Focus,-12.08040797367245,9,0.03399091977780339
sub-01,sub-01_2_35,MW,-11.735787155962528,8,0.10967422757822841
sub-01,sub-01_2_36,Focus,-11.88844759145014,9,0.15758108410988325
sub-01,sub-01_2_37,MW,-12.130560200403814,8,0.03038661019909921
sub-01,sub-01_2_38,Focus,-12.004720558019015,9,-0.050475613803497965
sub-01,sub-01_2_39,MW,-11.92383796490015,8,0.18556693119952533
sub-01,sub-01_2_4,Focus,-11.975458769027203,9,0.05033603392518952
sub-01,sub-01_2_40,Focus,-11.954388278038657,9,-0.2137587394176062
sub-01,sub-01_2_41,Focus,-11.112807984248903,9,-0.043071865726684165
sub-01,sub-01_2_5,MW,-11.958781824675631,8,0.040226976112840984
sub-01,sub-01_2_6,Focus,-11.907792308321664,9,-0.19579139079169863
sub-01,sub-01_2_7,MW,-11.681927068513922,8,0.14360985714596028
sub-01,sub-01_2_8,Focus,-11.978935740161017,9,-0.0427682718909945
sub-01,sub-01_2_9,MW,-11.928052996656021,8,0.09570459252949194
sub-01,sub-01_3_0,Focus,-11.636267678022126,9,-0.005997688919160918
sub-01,sub-01_3_1,Focus,-11.6714475545622,9,-0.07910403169678375
sub-01,sub-01_3_10,Focus,-11.660674481741577,9,0.09363536463850504
sub-01,sub-01_3_11,MW,-11.723978122788784,8,-0.1184487482292005
sub-01,sub-01_3_12,Focus,-11.66502049704193,9,-0.011309256618013989
sub-01,sub-01_3_13,MW,-11.683707058517967,8,0.0880770429678597
sub-01,sub-01_3_14,Focus,-11.702043905867157,9,-0.06722498906216622
sub-01,sub-01_3_15,MW,-11.693303385062801,8,0.0019639859107869295
sub-01,sub-01_3_16,Focus,-11.681041346746044,9,-0.08077276496134304
sub-01,sub-01_3_17,MW,-11.684894101647721,8,0.04605365867105719
sub-01,sub-01_3_18,MW,-11.568799040361434,8,0.05370241365536037
sub-01,sub-01_3_19,Focus,-11.559879115216594,9,0.04542868446838167
sub-01,sub-01_3_2,Focus,-11.716892789325252,9,0.061176393724273886
sub-01,sub-01_3_20,Focus,-11.731335697040066,9,0.0794485264481368
sub-01,sub-01_3_21,MW,-11.622410948139995,8,-0.010031953780157712
sub-01,sub-01_3_22,Focus,-11.576316916979938,9,-0.06320242453876122
sub-01,sub-01_3_23,MW,-11.716204601486648,8,-0.1395459522580839
sub-01,sub-01_3_24,Focus,-11.294023090223654,9,0.09943516476859814
sub-01,sub-01_3_25,Focus,-11.738607984465515,9,0.10286969894888824
sub-01,sub-01_3_26,MW,-11.502897110858514,8,-0.18473735118298457
sub-01,sub-01_3_27,Focus,-11.557179778950161,9,-0.06185894010733347
sub-01,sub-01_3_28,MW,-11.650228194894588,8,-0.07462522601707887
sub-01,sub-01_3_29,Focus,-11.551168376870338,9,-0.07655013578438401
sub-01,sub-01_3_3,MW,-11.627737267873442,8,-0.08640947183785529
sub-01,sub-01_3_30,Focus,-11.819049619183513,9,-0.09741747328946554
sub-01,sub-01_3_31,MW,-11.490141764775771,8,0.11641326816650999
sub-01,sub-01_3_32,Focus,-11.462915027257917,9,-0.061560326690815126
sub-01,sub-01_3_33,Focus,-11.693900121928024,9,0.01161914495797702
sub-01,sub-01_3_34,MW,-11.579999614423256,8,0.3217103914590433
sub-01,sub-01_3_35,Focus,-11.656177586815613,9,-0.0559270032100963
sub-01,sub-01_3_36,MW,-11.705924920271052,8,0.101248746917591
sub-01,sub-01_3_37,Focus,-11.509136104038863,9,0.06562342899847963
sub-01,sub-01_3_38,Focus,-11.567997623309829,9,-0.04334979831141512
sub-01,sub-01_3_39,Focus,-11.534472371794159,9,-0.0181337814254695
sub-01,sub-01_3_4,Focus,-11.655368755675887,9,0.022572883485377185
sub-01,sub-01_3_40,MW,-11.744434977225108,8,-0.18774285926747072
sub-01,sub-01_3_41,Focus,-11.752840709962452,9,-0.15394466974928753
sub-01,sub-01_3_42,MW,-11.630781914453616,8,0.0077183192683990005
sub-01,sub-01_3_43,Focus,-11.72388166129624,9,-0.07516288193310303
sub-01,sub-01_3_44,MW,-11.653338942546428,8,0.09310603569305353
sub-01,sub-01_3_45,Focus,-11.678917955717209,9,0.05730222061012261
sub-01,sub-01_3_46,MW,-11.720279746038987,8,-0.055601372360571694
sub-01,sub-01_3_47,Focus,-11.74950737051729,9,-0.0646261004831217
sub-01,sub-01_3_48,MW,-11.664648437605695,8,0.010234923973924616
sub-01,sub-01_3_49,Focus,-11.823366254021506,9,0.054189800500412444
sub-01,sub-01_3_5,MW,-11.649763057295148,8,-0.038999159989086186
sub-01,sub-01_3_50,MW,-11.521787607281084,8,-0.1160723904283642
sub-01,sub-01_3_51,Focus,-11.724961778526154,9,0.07622069312147585
sub-01,sub-01_3_52,MW,-11.453743950102965,8,-0.42211098775152833
sub-01,sub-01_3_53,Focus,-11.726271447718682,9,-0.00947089497380402
sub-01,sub-01_3_54,MW,-11.59035925065956,8,-0.07375214711706116
sub-01,sub-01_3_55,Focus,-11.606971724221257,9,-0.01526691096816299
sub-01,sub-01_3_56,MW,-11.687544287920058,8,0.16823208116657812
sub-01,sub-01_3_57,Focus,-11.61107771284931,9,0.02257522111819273
sub-01,sub-01_3_58,Focus,-11.270004008784703,9,-0.04863656619111518
sub-01,sub-01_3_6,Focus,-11.795998778871832,9,-0.02151287092631469
sub-01,sub-01_3_7,MW,-11.625296979768788,8,-0.03629554507709618
sub-01,sub-01_3_8,Focus,-11.684166973187727,9,-0.028778035533760772
sub-01,sub-01_3_9,MW,-11.670796656242189,8,-0.042780461844991576
sub-01,sub-01_4_0,Focus,-11.504967937589676,9,0.018661639706100967
sub-01,sub-01_4_1,Focus,-11.520872952299511,9,0.032110050474968434
sub-01,sub-01_4_10,Focus,-11.527620667010359,9,0.08161564567781845
sub-01,sub-01_4_11,MW,-11.516182730073194,8,0.026807894879742826
sub-01,sub-01_4_12,Focus,-11.561886645877731,9,0.0502865786608377
sub-01,sub-01_4_13,MW,-11.259498967086863,8,0.19131797638660222
sub-01,sub-01_4_14,Focus,-11.37774522883663,9,0.0038944430510430036
sub-01,sub-01_4_15,MW,-11.469106390967621,8,0.0018026134903736228
sub-01,sub-01_4_16,Focus,-11.513794284788183,9,-0.019057224105116854
sub-01,sub-01_4_17,MW,-11.574619444975323,8,0.12154339451415942
sub-01,sub-01_4_18,Focus,-11.407195406791192,9,-0.0916649387664059
sub-01,sub-01_4_19,MW,-11.551771933428567,8,-0.0778369750391239
sub-01,sub-01_4_2,Focus,-11.586110278993335,9,0.014921548015958247
sub-01,sub-01_4_20,Focus,-11.589033102351358,9,-0.15251261873077918
sub-01,sub-01_4_21,MW,-11.613097537985771,8,0.06846230928094633
sub-01,sub-01_4_22,Focus,-11.501529385369249,9,-0.19345724348469762
sub-01,sub-01_4_23,MW,-11.621634233951074,8,0.12467905004926556
sub-01,sub-01_4_24,Focus,-11.670232240025614,9,-0.03182133034193248
sub-01,sub-01_4_25,MW,-11.453904029270848,8,-0.06872626946070115
sub-01,sub-01_4_26,Focus,-11.519062804482196,9,-0.06662304491078078
sub-01,sub-01_4_27,MW,-11.443014427284151,8,0.02368775354126048
sub-01,sub-01_4_28,Focus,-11.468504599215017,9,0.04508856274388665
sub-01,sub-01_4_29,MW,-11.584081434390328,8,0.10863064227729383
sub-01,sub-01_4_3,MW,-11.459747991592826,8,-0.0889954407998495
sub-01,sub-01_4_30,Focus,-11.509146284305407,9,0.0718145772396663
sub-01,sub-01_4_31,MW,-11.57182463024052,8,0.06766261033075943
sub-01,sub-01_4_32,Focus,-11.669912325301148,9,-0.00526380560527023
sub-01,sub-01_4_33,MW,-11.570221921677504,8,-0.005932858715496767
sub-01,sub-01_4_34,Focus,-11.426354502883562,9,0.06304083013215986
sub-01,sub-01_4_35,MW,-11.43583796273903,8,0.18810325618590934
sub-01,sub-01_4_36,Focus,-11.498558037918531,9,0.02431732588279038
sub-01,sub-01_4_37,MW,-11.398281951045554,8,-0.10327213789479295
sub-01,sub-01_4_38,Focus,-11.513506748025005,9,0.06147506838452904
sub-01,sub-01_4_39,MW,-11.362736515397993,8,-0.030067389899896022
sub-01,sub-01_4_4,Focus,-11.54910455526121,9,-0.08386359714441756
sub-01,sub-01_4_40,Focus,-11.430717484476448,9,0.03992742583598479
sub-01,sub-01_4_41,MW,-11.787995141523115,8,0.13164240042727982
sub-01,sub-01_4_42,Focus,-11.61214247564297,9,-0.07739309969052013
sub-01,sub-01_4_43,MW,-11.465829589616847,8,0.05026627642647351
sub-01,sub-01_4_44,Focus,-11.59151501749886,9,0.016950462966939108
sub-01,sub-01_4_45,MW,-11.537441718670195,8,-0.04369619068056855
sub-01,sub-01_4_46,Focus,-11.559177043026297,9,-0.026658213141995905
sub-01,sub-01_4_47,MW,-11.745954310621844,8,0.06268358201141541
sub-01,sub-01_4_48,Focus,-11.532533762153937,9,0.09219494649924767
sub-01,sub-01_4_49,Focus,-11.153316005286428,9,0.08840350671266824
sub-01,sub-01_4_5,MW,-11.56833255251712,8,-0.08835416731881644
sub-01,sub-01_4_6,MW,-11.571326722090944,8,-0.0971833208171416
sub-01,sub-01_4_7,Focus,-11.473335382018208,9,-0.021143389407271018
sub-01,sub-01_4_8,Focus,-11.545021384298357,9,0.027057298966752914
sub-01,sub-01_4_9,MW,-11.416639457246706,8,0.009830759826782857
sub-01,sub-01_5_0,Focus,-11.682318893621188,9,0.04133718966029377
sub-01,sub-01_5_1,Focus,-11.660059099809388,9,-0.03685910702989847
sub-01,sub-01_5_10,Focus,-11.746894368315218,9,0.0534461468502684
sub-01,sub-01_5_11,MW,-11.526984091139347,8,0.07787713871863523
sub-01,sub-01_5_12,Focus,-11.840986907661012,9,0.12945837791882636
sub-01,sub-01_5_13,MW,-11.761149555717456,8,-0.06275858476555594
sub-01,sub-01_5_14,Focus,-11.759382922731259,9,-0.033959840784120426
sub-01,sub-01_5_15,MW,-11.454405638970886,8,-0.1137984209264473
sub-01,sub-01_5_16,Focus,-11.715906011654173,9,0.03138330448032688
sub-01,sub-01_5_17,MW,-11.668994705405154,8,-0.038111941148334
sub-01,sub-01_5_18,Focus,-11.717965468576132,9,-0.0918795249175178
sub-01,sub-01_5_19,MW,-11.603349107129983,8,0.1113092434204702
sub-01,sub-01_5_2,Focus,-11.74118191810555,9,-0.06175025631789417
sub-01,sub-01_5_20,Focus,-11.676018522066556,9,0.08265017832025634
sub-01,sub-01_5_21,MW,-11.537040184063244,8,0.050257030550937096
sub-01,sub-01_5_22,Focus,-11.657231982803324,9,-0.023508274253759225
sub-01,sub-01_5_23,MW,-11.634303385807126,8,-0.13503387049561447
sub-01,sub-01_5_24,Focus,-11.752376309569929,9,0.01127620288977603
sub-01,sub-01_5_25,MW,-11.59119066487275,8,-0.06613180869841001
sub-01,sub-01_5_26,Focus,-11.799891741740796,9,-0.056125311760202065
sub-01,sub-01_5_27,MW,-11.473636118360677,8,-0.19042399884673591
sub-01,sub-01_5_28,Focus,-11.710126260880173,9,0.026414518877595532
sub-01,sub-01_5_29,MW,-11.640390014322158,8,-0.12563334541663393
sub-01,sub-01_5_3,MW,-11.755459849162268,8,-0.18537247335104654
sub-01,sub-01_5_30,Focus,-11.630182214920273,9,-0.10479011228248283
sub-01,sub-01_5_31,MW,-11.474971641696413,8,-0.15735135838969566
sub-01,sub-01_5_32,Focus,-11.785053768486268,9,0.12914188090101286
sub-01,sub-01_5_33,MW,-11.53693320044367,8,-0.03583327965056442
sub-01,sub-01_5_34,MW,-11.531972275436662,8,-0.13195768569469687
sub-01,sub-01_5_35,Focus,-11.8331555051491,9,-0.03792108446087681
sub-01,sub-01_5_36,MW,-11.64142703246852,8,-0.1681637206894696
sub-01,sub-01_5_37,Focus,-11.869600137921164,9,0.028502709812004926
sub-01,sub-01_5_38,MW,-11.697707611312428,8,-0.2667577562778377
sub-01,sub-01_5_39,Focus,-11.751560879685437,9,0.009053705335526291
sub-01,sub-01_5_4,Focus,-11.49144697707065,9,0.05065539666137163
sub-01,sub-01_5_40,MW,-11.70174737036359,8,-0.13671037183312046
sub-01,sub-01_5_41,Focus,-11.794495905955813,9,0.04387662883166738
sub-01,sub-01_5_42,MW,-11.569117854164993,8,-0.25494130233729745
sub-01,sub-01_5_43,Focus,-11.679482707120908,9,0.08224561804221636
sub-01,sub-01_5_44,MW,-11.751166039211261,8,0.16350676917022353
sub-01,sub-01_5_45,Focus,-11.478181399221029,9,0.04909761304780057
sub-01,sub-01_5_46,MW,-11.664995372158298,8,-0.08702595421491177
sub-01,sub-01_5_47,Focus,-11.669263238947886,9,0.008639360289892387
sub-01,sub-01_5_48,MW,-11.579745580939942,8,-0.15477356480877316
sub-01,sub-01_5_49,Focus,-11.693215307513002,9,0.11823852156546304
sub-01,sub-01_5_5,MW,-11.75401923041483,8,-0.0037549596772074078
sub-01,sub-01_5_50,MW,-11.44739265421023,8,-0.023014011488421016
sub-01,sub-01_5_51,Focus,-11.840710117480775,9,-0.00038815707853307927
sub-01,sub-01_5_52,MW,-11.589002837798041,8,-0.11081730813113046
sub-01,sub-01_5_53,Focus,-11.922495546947292,9,-0.008314940735241716
sub-01,sub-01_5_54,MW,-11.708497430082794,8,-0.21524388619063364
sub-01,sub-01_5_55,Focus,-11.067662850190999,9,-0.19925546471533387
sub-01,sub-01_5_6,Focus,-11.679402797235216,9,-0.09492951966227628
sub-01,sub-01_5_7,MW,-11.641666807038856,8,-0.18561529746066965
sub-01,sub-01_5_8,Focus,-11.643698491132746,9,0.021916472359398118
sub-01,sub-01_5_9,MW,-11.646192070830217,8,0.027577519289545462
sub-01,sub-01_6_0,Focus,-11.965118213806221,9,-0.04047026038391113
sub-01,sub-01_6_1,Focus,-11.963096382514106,9,-0.0753899894262653
sub-01,sub-01_6_10,MW,-12.13216091342717,8,0.05977504996871332
sub-01,sub-01_6_11,Focus,-11.843033962280519,9,0.004753052269850058
sub-01,sub-01_6_12,MW,-11.978708380112781,8,0.07329278523723039
sub-01,sub-01_6_13,Focus,-11.907787104804143,9,0.0913531849645216
sub-01,sub-01_6_14,MW,-12.058557187418558,8,-0.011944309107164227
sub-01,sub-01_6_15,Focus,-12.011225908943361,9,0.013775845081935769
sub-01,sub-01_6_16,MW,-11.912171066335283,8,-0.10034307723462951
sub-01,sub-01_6_17,Focus,-11.992137105297067,9,-0.05489423428372777
sub-01,sub-01_6_18,MW,-11.950630509395882,8,0.009531622958749307
sub-01,sub-01_6_19,Focus,-12.046417354063394,9,-0.005411267144646896
sub-01,sub-01_6_2,Focus,-11.974199704443613,9,-0.048983921341902374
sub-01,sub-01_6_20,MW,-11.878089594800569,8,-0.004345849242463754
sub-01,sub-01_6_21,Focus,-11.821523284210649,9,-0.010703180864623806
sub-01,sub-01_6_22,MW,-11.767262882167348,8,0.12090657867509147
sub-01,sub-01_6_23,Focus,-11.635634748040252,9,0.11836184164215545
sub-01,sub-01_6_24,MW,-11.634011620265799,8,0.06793622566563627
sub-01,sub-01_6_25,Focus,-11.99867888819445,9,0.077942723724462
sub-01,sub-01_6_26,MW,-12.007535359216954,8,0.008292286847172235
sub-01,sub-01_6_27,Focus,-11.975424857186567,9,-0.057751154540285926
sub-01,sub-01_6_28,MW,-11.723143498995208,8,0.14139843063896965
sub-01,sub-01_6_29,Focus,-11.911363573249348,9,0.025254336111452752
sub-01,sub-01_6_3,MW,-11.982413830153552,8,-0.09346700667194131
sub-01,sub-01_6_30,MW,-11.95367421937104,8,0.015452959471228794
sub-01,sub-01_6_31,Focus,-12.013760717753057,9,-0.0016710647896619095
sub-01,sub-01_6_32,MW,-11.621997670447051,8,0.07956420199959743
sub-01,sub-01_6_33,Focus,-11.902863661178428,9,-0.03914745583333728
sub-01,sub-01_6_34,MW,-11.728588938430782,8,0.06121872672850809
sub-01,sub-01_6_35,Focus,-12.00019342610379,9,0.03277057256076995
sub-01,sub-01_6_36,MW,-11.719472049849823,8,-0.08574364914999676
sub-01,sub-01_6_37,Focus,-11.831618270062052,9,-0.04659766651370631
sub-01,sub-01_6_38,MW,-11.800133898079732,8,-0.06656008632813608
sub-01,sub-01_6_39,Focus,-11.96905379854477,9,-0.02906347300365645
sub-01,sub-01_6_4,Focus,-11.989559248088169,9,-0.046733480835239684
sub-01,sub-01_6_40,MW,-11.678605759329505,8,-0.09422001968336739
sub-01,sub-01_6_41,Focus,-12.001898550939266,9,-0.013821536021210912
sub-01,sub-01_6_42,MW,-11.790531795195578,8,-0.0357355685901577
sub-01,sub-01_6_43,Focus,-11.93348864593717,9,0.10803916687514407
sub-01,sub-01_6_44,MW,-11.92578542594964,8,-0.048860975877378275
sub-01,sub-01_6_45,Focus,-11.946291937349105,9,0.014426781814779658
sub-01,sub-01_6_46,MW,-11.779640379285201,8,0.004274049908518209
sub-01,sub-01_6_47,Focus,-11.937664194657698,9,0.060403798571227685
sub-01,sub-01_6_48,MW,-11.73254001521515,8,-0.013712652345577364
sub-01,sub-01_6_49,Focus,-11.800921641453986,9,0.0766000258755005
sub-01,sub-01_6_5,MW,-11.973116259258138,8,0.07125944931121171
sub-01,sub-01_6_50,MW,-11.716124252344827,8,-0.022929867827406962
sub-01,sub-01_6_51,Focus,-11.764514149673882,9,0.0667320163511757
sub-01,sub-01_6_52,MW,-11.556721210637004,8,-0.026026198111594293
sub-01,sub-01_6_53,Focus,-11.889242034623496,9,0.017304778259720495
sub-01,sub-01_6_54,MW,-11.747837993677745,8,-0.1461984387411718
sub-01,sub-01_6_55,Focus,-11.836341126513648,9,0.2084212898065346
sub-01,sub-01_6_56,Focus,-11.906602807744823,9,-0.15646353053896503
sub-01,sub-01_6_57,MW,-11.914635257021626,8,-0.1917838337590499
sub-01,sub-01_6_58,Focus,-11.865583567672791,9,-0.08718180521576659
sub-01,sub-01_6_59,MW,-11.920072388584504,8,-0.025582319087860697
sub-01,sub-01_6_6,Focus,-11.924689683487466,9,-0.005419506763279838
sub-01,sub-01_6_60,Focus,-11.834805388185915,9,-0.17888017827257643
sub-01,sub-01_6_61,MW,-11.654453861183356,8,-0.07595233536264001
sub-01,sub-01_6_62,Focus,-12.189681960457534,9,0.019038328585380945
sub-01,sub-01_6_63,MW,-11.63712478573694,8,0.11237923466931965
sub-01,sub-01_6_64,Focus,-12.009720988844856,9,-0.016264144509018995
sub-01,sub-01_6_65,MW,-11.892380605743286,8,-0.05631382192894413
sub-01,sub-01_6_66,Focus,-11.841180005961727,9,0.16801894609748735
sub-01,sub-01_6_67,MW,-11.683011210773227,8,0.011292236038856786
sub-01,sub-01_6_68,Focus,-11.965845660294944,9,0.16385043548985814
sub-01,sub-01_6_69,MW,-11.91662144008972,8,0.071851929514649
sub-01,sub-01_6_7,MW,-11.874355404266549,8,-0.0956429526015557
sub-01,sub-01_6_70,Focus,-11.883923553846481,9,0.1268757144892095
sub-01,sub-01_6_71,MW,-11.9662377458716,8,0.1816991402813889
sub-01,sub-01_6_72,Focus,-11.770657039847402,9,0.014464100703468727
sub-01,sub-01_6_73,Focus,-11.480904513997592,9,-0.10430275858666195
sub-01,sub-01_6_8,Focus,-11.639256923333615,9,-0.007124730001260099
sub-01,sub-01_6_9,Focus,-11.905046501045826,9,0.024993733978781713
sub-01,sub-01_7_0,Focus,-12.00576806734829,9,-0.12042882037165999
sub-01,sub-01_7_1,Focus,-12.076637468562124,9,-0.04019918091638851
sub-01,sub-01_7_10,Focus,-11.933759604854474,9,-0.14716185182126346
sub-01,sub-01_7_11,MW,-12.122049329828258,8,0.11523070580344026
sub-01,sub-01_7_12,Focus,-11.93284005878105,9,-0.05010541624154423
sub-01,sub-01_7_13,MW,-11.8653061778484,8,0.011018570487966128
sub-01,sub-01_7_14,Focus,-11.8800180406967,9,-0.021960462849235356
sub-01,sub-01_7_15,MW,-11.974923501026122,8,0.1276496462065343
sub-01,sub-01_7_16,Focus,-12.069448179136405,9,0.018010909899234838
sub-01,sub-01_7_17,MW,-11.887362657142912,8,-0.15257015190165993
sub-01,sub-01_7_18,Focus,-11.833872861527691,9,-0.03810081457602558
sub-01,sub-01_7_19,MW,-12.003899843238752,8,-0.017180130472857658
sub-01,sub-01_7_2,Focus,-12.106761355704146,9,-0.03945316477985571
sub-01,sub-01_7_20,Focus,-11.991796484956376,9,0.003808812543176902
sub-01,sub-01_7_21,MW,-11.884525139592935,8,-0.000559318312170123
sub-01,sub-01_7_22,Focus,-11.871651391618201,9,0.033345988545091104
sub-01,sub-01_7_23,MW,-11.782154193312957,8,-0.00780582394607306
sub-01,sub-01_7_24,Focus,-12.073517406386914,9,-0.02085305162985302
sub-01,sub-01_7_25,MW,-11.947273814303863,8,0.1234983954776543
sub-01,sub-01_7_26,Focus,-11.936344857189637,9,0.1178016905444088
sub-01,sub-01_7_27,MW,-12.027180024616937,8,0.004243508108061096
sub-01,sub-01_7_28,Focus,-11.889171077091861,9,0.016427936765618538
sub-01,sub-01_7_29,MW,-11.8839233026744,8,-0.13775813723713837
sub-01,sub-01_7_3,MW,-11.989916643226994,8,0.02557688557348602
sub-01,sub-01_7_30,Focus,-12.022478152243808,9,0.105695309347531
sub-01,sub-01_7_31,MW,-11.760139428479505,8,0.12153225996278522
sub-01,sub-01_7_32,Focus,-11.48567241893837,9,0.07209212235904765
sub-01,sub-01_7_33,Focus,-11.936156055997323,9,-0.07869604509768206
sub-01,sub-01_7_34,MW,-11.996131056806052,8,-0.16344607614940973
sub-01,sub-01_7_35,Focus,-12.00764197101163,9,-0.03981580456269994
sub-01,sub-01_7_36,MW,-11.967543824312786,8,-0.18199234717794374
sub-01,sub-01_7_37,Focus,-11.873067473588465,9,-0.11942345303248486
sub-01,sub-01_7_38,MW,-11.935658125701504,8,0.23063142329567446
sub-01,sub-01_7_39,Focus,-11.985972788147695,9,0.03394203450257652
sub-01,sub-01_7_4,Focus,-11.917174131630263,9,0.10374065832467809
sub-01,sub-01_7_40,MW,-11.97461236815875,8,0.05019001244156654
sub-01,sub-01_7_41,Focus,-12.061479404230392,9,0.10919198685298054
sub-01,sub-01_7_42,MW,-11.827282666331854,8,-0.06406104583968021
sub-01,sub-01_7_43,Focus,-12.081811986191077,9,-0.0045372219670930525
sub-01,sub-01_7_44,MW,-12.120340692627147,8,0.03569670793518074
sub-01,sub-01_7_45,Focus,-11.937683241369779,9,0.051460723964569
sub-01,sub-01_7_46,MW,-11.96134224736246,8,0.18685702542484983
sub-01,sub-01_7_47,Focus,-11.954152744146278,9,0.058293358883602125
sub-01,sub-01_7_48,MW,-12.113681306370673,8,0.0694267404388396
sub-01,sub-01_7_49,Focus,-11.93386632501828,9,0.09257754382420678
sub-01,sub-01_7_5,MW,-11.963934791888189,8,0.015024410156535616
sub-01,sub-01_7_50,MW,-11.668005684651252,8,0.14839903131635368
sub-01,sub-01_7_51,Focus,-12.182705154956599,9,0.02437071905408562
sub-01,sub-01_7_52,MW,-12.052503638455038,8,0.057548509874580496
sub-01,sub-01_7_53,Focus,-11.359967413497746,9,0.010103280971058193
sub-01,sub-01_7_54,Focus,-11.439719589051265,9,-0.09578384370157601
sub-01,sub-01_7_6,Focus,-12.042277978085616,9,-0.010940152631740417
sub-01,sub-01_7_7,MW,-12.110897920913912,8,0.06041409951952448
sub-01,sub-01_7_8,Focus,-12.083674747946132,9,0.047852960438596326
sub-01,sub-01_7_9,MW,-11.91611955471426,8,-0.029239324968148947
sub-01,sub-01_8_0,Focus,-11.926124776377813,9,0.04348254249762668
sub-01,sub-01_8_1,Focus,-11.951803621722522,9,-0.01669412402660262
sub-01,sub-01_8_10,Focus,-11.765123629928325,9,-0.07897714487918099
sub-01,sub-01_8_11,MW,-12.066731120043256,8,-0.12566693323914935
sub-01,sub-01_8_12,Focus,-11.795645191192897,9,-0.0353512292953298
sub-01,sub-01_8_13,MW,-11.904842990781233,8,0.026863498115531004
sub-01,sub-01_8_14,Focus,-12.103402819958074,9,-0.024958304983534428
sub-01,sub-01_8_15,MW,-11.850805141231726,8,0.10167896977304343
sub-01,sub-01_8_16,Focus,-12.007667321400513,9,0.03031323550957946
sub-01,sub-01_8_17,MW,-11.916231772252036,8,-0.05303096694670877
sub-01,sub-01_8_18,Focus,-11.912261238644298,9,-0.011663863983817557
sub-01,sub-01_8_19,MW,-11.975373925490224,8,0.036654220373495874
sub-01,sub-01_8_2,Focus,-12.026245270520414,9,-0.054757526210787395
sub-01,sub-01_8_20,Focus,-11.87218310391016,9,-0.01697448434634735
sub-01,sub-01_8_21,MW,-11.770150141570122,8,0.21860724387587582
sub-01,sub-01_8_22,Focus,-12.096609369196345,9,0.05730287205135911
sub-01,sub-01_8_23,MW,-12.055340969316347,8,0.011345380242797796
sub-01,sub-01_8_24,Focus,-11.923325803813633,9,0.09385834550319369
sub-01,sub-01_8_25,MW,-11.706214010836472,8,0.17007579290641575
sub-01,sub-01_8_26,Focus,-11.808959926427981,9,-0.03356238911448909
sub-01,sub-01_8_27,MW,-11.863105472447685,8,0.18307515671444527
sub-01,sub-01_8_28,Focus,-11.677878534071919,9,0.2498663341123115
sub-01,sub-01_8_29,MW,-11.950556208674747,8,-0.08540406043419563
sub-01,sub-01_8_3,MW,-11.968624448139106,8,-0.0695710766085755
sub-01,sub-01_8_30,Focus,-11.95753074983231,9,0.10787469149086666
sub-01,sub-01_8_31,MW,-11.890566650007075,8,-0.0076585275699684
sub-01,sub-01_8_32,Focus,-12.126596778336246,9,0.038488136030844645
sub-01,sub-01_8_33,MW,-11.773492778390509,8,-0.2769816642345059
sub-01,sub-01_8_34,Focus,-12.024461728457135,9,-0.1410546640941166
sub-01,sub-01_8_35,MW,-11.920810851452359,8,0.057981571268102515
sub-01,sub-01_8_36,Focus,-11.910775459333918,9,-0.04827375700635293
sub-01,sub-01_8_37,MW,-11.875552636362197,8,0.10618566532947461
sub-01,sub-01_8_38,Focus,-11.800937887630278,9,-0.039019377794422334
sub-01,sub-01_8_39,MW,-11.743047857695913,8,0.11144650457092184
sub-01,sub-01_8_4,Focus,-12.038568652285381,9,0.03670958931944159
sub-01,sub-01_8_40,MW,-11.72788880712087,8,-0.044717976771475196
sub-01,sub-01_8_41,Focus,-12.002852316250351,9,0.0030033639079301774
sub-01,sub-01_8_42,MW,-12.041753026937466,8,-0.12008561737917255
sub-01,sub-01_8_43,Focus,-11.929646031243758,9,0.13429174168924282
sub-01,sub-01_8_44,MW,-11.879051738133743,8,-0.011231464842452311
sub-01,sub-01_8_45,Focus,-11.846378137148413,9,-0.07803102975688768
sub-01,sub-01_8_46,Focus,-11.478606139334607,9,-0.1577118200449972
sub-01,sub-01_8_5,MW,-12.014990963516446,8,0.07400236291289149
sub-01,sub-01_8_6,Focus,-11.883423242252555,9,-0.014935555876554946
sub-01,sub-01_8_7,MW,-11.971487813475061,8,0.14200310373989694
sub-01,sub-01_8_8,Focus,-11.967732478315126,9,0.03579123682822651
sub-01,sub-01_8_9,MW,-11.851395880728262,8,0.047957172066986145
sub-01,sub-01_9_0,Focus,-11.787905593867894,9,-0.012614157993013247
sub-01,sub-01_9_1,Focus,-11.761385349491555,9,0.0033334171320399376
sub-01,sub-01_9_10,MW,-11.709104483566675,8,-0.04264336638481099
sub-01,sub-01_9_11,Focus,-11.83838205256369,9,0.03356844029227656
sub-01,sub-01_9_12,MW,-11.812359785818435,8,-0.11525953871711976
sub-01,sub-01_9_13,Focus,-11.829854139381345,9,-0.032570239828861085
sub-01,sub-01_9_14,MW,-11.846371053592165,8,-0.03901013567093767
sub-01,sub-01_9_15,Focus,-11.835131901916721,9,0.0423549342069222
sub-01,sub-01_9_16,MW,-11.80889187952288,8,0.027322991545968855
sub-01,sub-01_9_17,Focus,-11.733659517135631,9,0.09549184645314832
sub-01,sub-01_9_18,MW,-11.708605793298513,8,0.011537639412048975
sub-01,sub-01_9_19,Focus,-11.782777336089573,9,0.12235414027047005
sub-01,sub-01_9_2,Focus,-11.742343169876985,9,0.004450842083890726
sub-01,sub-01_9_20,MW,-11.72724322429299,8,0.018721132775100846
sub-01,sub-01_9_21,Focus,-11.77410381015448,9,-0.05557084282211943
sub-01,sub-01_9_22,MW,-11.803403315574947,8,0.013678701662330085
sub-01,sub-01_9_23,Focus,-11.790818926572241,9,-0.04389590308060628
sub-01,sub-01_9_24,MW,-11.622799248540563,8,0.07173405596373923
sub-01,sub-01_9_25,Focus,-11.774255199121958,9,0.01977723912320039
sub-01,sub-01_9_26,MW,-11.672486709643298,8,0.02298745041821717
sub-01,sub-01_9_27,Focus,-11.693225666234474,9,-0.02110258195864302
sub-01,sub-01_9_28,MW,-11.745416227917742,8,0.046318998270140334
sub-01,sub-01_9_29,Focus,-11.96773243568006,9,0.022722612994483513
sub-01,sub-01_9_3,MW,-11.893616160947758,8,0.03557580086641844
sub-01,sub-01_9_30,MW,-11.830912501704502,8,0.023851275425113956
sub-01,sub-01_9_31,Focus,-11.76336946219519,9,-0.041464791882041524
sub-01,sub-01_9_32,MW,-11.577616900354304,8,-0.06880339138302122
sub-01,sub-01_9_33,Focus,-11.72635635177852,9,0.03421626998664189
sub-01,sub-01_9_34,MW,-11.797031102345226,8,-0.012983613880339213
sub-01,sub-01_9_35,Focus,-11.775009587458857,9,0.07362316386772412
sub-01,sub-01_9_36,MW,-11.812873999761862,8,-0.07432790794557818
sub-01,sub-01_9_37,Focus,-11.799984303475835,9,-0.05242894129403575
sub-01,sub-01_9_38,MW,-11.902532287358621,8,-0.03667057910462287
sub-01,sub-01_9_39,Focus,-11.832033525154106,9,-0.002869971382714795
sub-01,sub-01_9_4,Focus,-11.821839527577902,9,0.016868895550222644
sub-01,sub-01_9_40,MW,-11.440865627704305,8,0.011924522668056574
sub-01,sub-01_9_41,Focus,-11.78527924252471,9,0.07929593095393436
sub-01,sub-01_9_42,MW,-11.715675605945474,8,0.09091822046724418
sub-01,sub-01_9_43,Focus,-11.895093365721365,9,-0.009512701986537673
sub-01,sub-01_9_44,MW,-11.861742649000835,8,-0.04637272567268313
sub-01,sub-01_9_45,Focus,-11.84804151675802,9,0.0610840178676152
sub-01,sub-01_9_46,MW,-11.72630156313775,8,0.0923357553009823
sub-01,sub-01_9_47,Focus,-11.823819863734034,9,0.042452504436668065
sub-01,sub-01_9_48,MW,-11.763622301380877,8,0.03227778913389061
sub-01,sub-01_9_49,Focus,-11.793036826248409,9,-0.04668948317955562
sub-01,sub-01_9_5,MW,-11.827350184787573,8,0.08452061870435039
sub-01,sub-01_9_50,MW,-11.618451329833057,8,-0.10052379367370241
sub-01,sub-01_9_51,Focus,-11.852618244666914,9,-0.01813004682892845
sub-01,sub-01_9_52,MW,-11.736725239535817,8,0.14977852742500034
sub-01,sub-01_9_53,Focus,-11.923091895249744,9,0.023121614902193072
sub-01,sub-01_9_54,MW,-11.830750156764926,8,0.06514212787830212
sub-01,sub-01_9_55,Focus,-11.875142283642147,9,-0.010977543253473424
sub-01,sub-01_9_6,Focus,-11.772557462527853,9,0.023750904229485607
sub-01,sub-01_9_7,MW,-11.764951300975127,8,-0.014933683918886224
sub-01,sub-01_9_8,Focus,-11.810154438514296,9,0.0034384962583644697
sub-01,sub-01_9_9,MW,-11.642962918052621,8,-0.011577262105727428
sub-02,sub-02_10_0,Focus,-12.02057614851896,9,0.0012250856674831212
sub-02,sub-02_10_1,Focus,-12.009124388819043,9,-0.004665490770065409
sub-02,sub-02_10_10,MW,-12.032719818383622,8,0.04158651193315575
sub-02,sub-02_10_11,Focus,-11.968866476232447,9,-0.05187358619977684
sub-02,sub-02_10_12,MW,-12.089217338943271,8,-0.04472000945214456
sub-02,sub-02_10_13,Focus,-11.999534366291243,9,-0.018287027754589447
sub-02,sub-02_10_14,MW,-12.048034365766023,8,0.054494436149379065
sub-02,sub-02_10_15,MW,-12.092540286361945,8,-0.041821453645704346
sub-02,sub-02_10_16,Focus,-12.067643948584246,9,-0.009513502587642362
sub-02,sub-02_10_17,MW,-12.146723635351407,8,0.04183198855950846
sub-02,sub-02_10_18,Focus,-12.020870222589103,9,-0.05739209279528543
sub-02,sub-02_10_19,MW,-11.991054199799494,8,0.07331518318386762
sub-02,sub-02_10_2,Focus,-11.979983919934448,9,0.08230610121912978
sub-02,sub-02_10_20,Focus,-12.049718556511623,9,-0.11052542741713443
sub-02,sub-02_10_21,MW,-12.174753439912623,8,0.048786159989765696
sub-02,sub-02_10_22,Focus,-12.01329213269483,9,-0.040933894392159914
sub-02,sub-02_10_23,MW,-11.990141030683422,8,-0.03981066120771968
sub-02,sub-02_10_24,Focus,-12.100568482638412,9,-0.028995416696823335
sub-02,sub-02_10_25,MW,-12.009859016401183,8,0.02528395485498936
sub-02,sub-02_10_26,Focus,-12.08511664709042,9,-0.019290692548714704
sub-02,sub-02_10_27,MW,-11.94891073459292,8,-0.015797238290906117
sub-02,sub-02_10_28,Focus,-12.09660029907969,9,-0.056019885985479176
sub-02,sub-02_10_29,MW,-12.06758469583147,8,0.009886840100478968
sub-02,sub-02_10_3,Focus,-11.991717020545947,9,-0.10460660334466931
sub-02,sub-02_10_30,Focus,-12.119263033505531,9,-0.019273421874948737
sub-02,sub-02_10_31,MW,-11.936726145540506,8,0.05350166035401524
sub-02,sub-02_10_32,Focus,-12.150128887662136,9,-0.03639021072442999
sub-02,sub-02_10_33,Focus,-11.475111088800496,9,-0.12148990628159505
sub-02,sub-02_10_4,MW,-12.045317683666692,8,-0.0020632989664041775
sub-02,sub-02_10_5,Focus,-11.999658056704485,9,-0.026999593488469774
sub-02,sub-02_10_6,MW,-12.139469905547713,8,-0.06976047657854775
sub-02,sub-02_10_7,Focus,-12.037225161233534,9,-0.03560087727162427
sub-02,sub-02_10_8,MW,-12.080315770130778,8,0.021831585734833358
sub-02,sub-02_10_9,Focus,-12.051107945279286,9,0.019456571606539585
sub-02,sub-02_11_0,Focus,-11.954059518016386,9,-0.025711549645547057
sub-02,sub-02_11_1,Focus,-11.942097029382301,9,-0.09820322741351492
sub-02,sub-02_11_10,MW,-12.117560135910498,8,0.04021502821164725
sub-02,sub-02_11_11,Focus,-11.925654546738178,9,0.03704508188080155
sub-02,sub-02_11_12,MW,-12.049719899416083,8,-0.01756744123958115
sub-02,sub-02_11_13,Focus,-11.921524809409865,9,-0.02077255481623975
sub-02,sub-02_11_14,MW,-11.890045151053128,8,-0.0603846950878144
sub-02,sub-02_11_15,Focus,-12.02702419729776,9,-0.03904742177776782
sub-02,sub-02_11_16,MW,-11.813356836284996,8,-0.01315284267444402
sub-02,sub-02_11_17,Focus,-11.91116075633608,9,-0.03421332367165547
sub-02,sub-02_11_18,MW,-11.796118231543458,8,0.02598128751655903
sub-02,sub-02_11_19,Focus,-12.004380070096367,9,-0.04443880451787617
sub-02,sub-02_11_2,Focus,-11.973588189218928,9,0.023089330641899716
sub-02,sub-02_11_20,MW,-11.745293638902998,8,0.019380954803587282
sub-02,sub-02_11_21,Focus,-11.972361626180941,9,-0.016162208300657687
sub-02,sub-02_11_22,MW,-11.739810809954065,8,0.07011832974840376
sub-02,sub-02_11_23,Focus,-11.88562151341366,9,0.009619457704590948
sub-02,sub-02_11_24,MW,-11.821900398398363,8,-0.026743650959697794
sub-02,sub-02_11_25,Focus,-11.945113798773455,9,-0.05111561764943808
sub-02,sub-02_11_26,MW,-11.825735729842105,8,-0.03688691184273072
sub-02,sub-02_11_27,Focus,-11.820821010933821,9,-0.059214316191636106
sub-02,sub-02_11_28,MW,-11.817101685283692,8,-0.09291866808460812
sub-02,sub-02_11_29,Focus,-12.009768446937144,9,-0.02355500563075618
sub-02,sub-02_11_3,Focus,-12.003999764608018,9,-0.01608973403720395
sub-02,sub-02_11_30,MW,-11.903375831405457,8,0.023765989007892098
sub-02,sub-02_11_31,Focus,-11.983259413705852,9,-0.003747294355514051
sub-02,sub-02_11_32,MW,-11.712743640129197,8,-0.0015496801787564394
sub-02,sub-02_11_33,Focus,-12.073759964853314,9,-0.018806834859184145
sub-02,sub-02_11_34,MW,-11.820774987234387,8,-0.10261939817463478
sub-02,sub-02_11_35,Focus,-12.04005527262125,9,-0.024955063834303768
sub-02,sub-02_11_36,MW,-11.761299310841451,8,0.07432331380564892
sub-02,sub-02_11_37,Focus,-11.912289835294537,9,-0.028557093430704786
sub-02,sub-02_11_38,MW,-11.820312678501072,8,-0.14858909717219787
sub-02,sub-02_11_39,Focus,-12.088718964930193,9,-0.04961702972558417
sub-02,sub-02_11_4,MW,-11.90924649287506,8,-0.020160704247606177
sub-02,sub-02_11_40,MW,-11.794715307636883,8,-0.052275701967235105
sub-02,sub-02_11_41,Focus,-12.046215654942849,9,0.005486325463531828
sub-02,sub-02_11_42,MW,-11.77893369454256,8,-0.020411154920883145
sub-02,sub-02_11_43,Focus,-12.018458081110342,9,0.024272909702497115
sub-02,sub-02_11_44,MW,-11.89137655996648,8,0.005469710720108921
sub-02,sub-02_11_45,Focus,-11.919738783147368,9,0.0436972454235819
sub-02,sub-02_11_46,MW,-11.698814452961166,8,-0.07732118471746016
sub-02,sub-02_11_47,Focus,-12.01385007060314,9,0.02185936574552504
sub-02,sub-02_11_5,Focus,-12.024927525170074,9,-0.04189413462980367
sub-02,sub-02_11_6,MW,-12.025132866302044,8,-0.0941865635543769
sub-02,sub-02_11_7,Focus,-11.923070651407874,9,-0.0008932231342039144
sub-02,sub-02_11_8,MW,-11.923621215643564,8,0.018256781727336014
sub-02,sub-02_11_9,Focus,-11.997030626541251,9,-0.015952016163705698
sub-02,sub-02_1_0,Focus,-11.699470738302113,9,-0.22970246299662173
sub-02,sub-02_1_1,Focus,-11.860125437880649,9,-0.06073213815002955
sub-02,sub-02_1_10,MW,-11.961697816802497,8,-0.0007027384583396209
sub-02,sub-02_1_11,Focus,-12.051340429270006,9,0.021508910374997792
sub-02,sub-02_1_12,MW,-11.830215128865152,8,-0.06873682264670773
sub-02,sub-02_1_13,Focus,-11.939542809447198,9,0.047882099697892824
sub-02,sub-02_1_14,MW,-11.849375706413976,8,-0.028872123162570738
sub-02,sub-02_1_15,Focus,-11.291025914524122,9,0.025096769973342703
sub-02,sub-02_1_16,Focus,-11.875364221084087,9,0.08679579793457763
sub-02,sub-02_1_17,MW,-11.89135607204539,8,0.05351360574099451
sub-02,sub-02_1_18,Focus,-11.892224832002677,9,-0.05046628554593919
sub-02,sub-02_1_19,MW,-11.837323583593314,8,0.02546920712004313
sub-02,sub-02_1_2,Focus,-11.925677731408522,9,-0.029308302601590293
sub-02,sub-02_1_20,Focus,-11.87349654694903,9,-0.024538207044538497
sub-02,sub-02_1_21,MW,-11.88123003169661,8,0.06339962421368424
sub-02,sub-02_1_22,Focus,-11.895340114484867,9,0.07606529515805982
sub-02,sub-02_1_23,MW,-11.764421291651374,8,-0.03140120246241874
sub-02,sub-02_1_24,Focus,-11.934928827207196,9,0.1015047406887965
sub-02,sub-02_1_25,MW,-11.678462991918876,8,0.09152745561153788
sub-02,sub-02_1_26,Focus,-11.908984049291648,9,-0.027931771027368837
sub-02,sub-02_1_27,MW,-11.68213535423204,8,-0.04582760840407229
sub-02,sub-02_1_28,Focus,-11.979119812912892,9,-0.012452777110698471
sub-02,sub-02_1_29,MW,-11.83278514631419,8,0.06211966764093655
sub-02,sub-02_1_3,Focus,-11.745928808800606,9,0.11605248943155273
sub-02,sub-02_1_30,Focus,-11.862106334949996,9,0.05464511464847264
sub-02,sub-02_1_31,MW,-11.750590542346933,8,0.04906501796231545
sub-02,sub-02_1_32,Focus,-11.93094205476808,9,-0.017273275166445407
sub-02,sub-02_1_33,MW,-11.69752178890997,8,-0.11295235296632299
sub-02,sub-02_1_34,MW,-11.774731293952799,8,-0.06653197877010467
sub-02,sub-02_1_35,Focus,-11.947254476117193,9,-0.09612946600224107
sub-02,sub-02_1_36,MW,-11.735219883998642,8,0.014042575428525427
sub-02,sub-02_1_37,Focus,-11.673695130087335,9,0.1188004409752319
sub-02,sub-02_1_38,Focus,-11.628331598165975,9,-0.10250118471363164
sub-02,sub-02_1_4,MW,-11.919391732722183,8,-0.017658904212748225
sub-02,sub-02_1_5,Focus,-11.971125850855948,9,-0.01518980333563974
sub-02,sub-02_1_6,MW,-11.922256308572383,8,0.050722248251888764
sub-02,sub-02_1_7,Focus,-12.03036730800718,9,-0.001937979924127925
sub-02,sub-02_1_8,MW,-11.914470159200405,8,0.06958583180162507
sub-02,sub-02_1_9,Focus,-11.918517219875795,9,0.03411208062373073
sub-02,sub-02_2_0,Focus,-11.731330188254974,9,-0.15438943877512273
sub-02,sub-02_2_1,Focus,-11.878834826370975,9,-0.027973670659034954
sub-02,sub-02_2_10,Focus,-11.861318763939254,9,0.003328320201359387
sub-02,sub-02_2_11,MW,-11.942139522302515,8,-0.06368992208723946
sub-02,sub-02_2_12,Focus,-11.925135006952226,9,-0.030668722059679434
sub-02,sub-02_2_13,MW,-11.96516990231535,8,0.06706767169093683
sub-02,sub-02_2_14,Focus,-11.977423062684956,9,-0.0374318421209736
sub-02,sub-02_2_15,MW,-12.01898941702854,8,0.004098855536182881
sub-02,sub-02_2_16,Focus,-11.91520471844946,9,0.01669192097176959
sub-02,sub-02_2_17,MW,-12.054603589000306,8,0.10974238023471564
sub-02,sub-02_2_18,Focus,-12.045096160923942,9,0.04209656571485675
sub-02,sub-02_2_19,MW,-11.941223949579447,8,0.12226469564616906
sub-02,sub-02_2_2,Focus,-11.941899779964816,9,-0.02469720220630847
sub-02,sub-02_2_20,Focus,-12.060092600266369,9,-0.011748209939842552
sub-02,sub-02_2_21,MW,-11.9209629176687,8,-0.05625450866764809
sub-02,sub-02_2_22,Focus,-12.059956851166161,9,-0.02736618174500968
sub-02,sub-02_2_23,MW,-11.752854912463567,8,-0.06075653099860982
sub-02,sub-02_2_24,Focus,-12.107813167451345,9,0.0031641847414302475
sub-02,sub-02_2_25,MW,-11.848992177574203,8,-0.07173299876112794
sub-02,sub-02_2_26,Focus,-12.060280033355406,9,0.0010527351810254932
sub-02,sub-02_2_27,Focus,-11.6122777347044,9,-0.29191230170854676
sub-02,sub-02_2_3,Focus,-11.939236272402006,9,0.00503127914953402
sub-02,sub-02_2_4,MW,-11.934438589699575,8,-0.0005033485610193732
sub-02,sub-02_2_5,Focus,-11.881734232695843,9,-0.009296197988406347
sub-02,sub-02_2_6,MW,-11.933903491495483,8,-0.011047758709144382
sub-02,sub-02_2_7,Focus,-11.974804218589291,9,0.043718854273931164
sub-02,sub-02_2_8,MW,-11.910546001178183,8,0.10539177445717855
sub-02,sub-02_2_9,Focus,-11.674414024280246,9,0.039501136316221354
sub-02,sub-02_3_0,Focus,-11.89672168201207,9,-0.020597710226331577
sub-02,sub-02_3_1,Focus,-11.873269003043994,9,-0.0027878015438903615
sub-02,sub-02_3_10,MW,-11.808810991987556,8,0.14712150799550974
sub-02,sub-02_3_11,Focus,-11.933929245996204,9,0.010768270905313666
sub-02,sub-02_3_12,MW,-12.015791559339611,8,0.0034314447699698813
sub-02,sub-02_3_13,Focus,-11.9650499168635,9,-0.021906272840690893
sub-02,sub-02_3_14,MW,-11.941448252312824,8,-0.07260530708075881
sub-02,sub-02_3_15,Focus,-11.92314957845122,9,0.11562996052615782
sub-02,sub-02_3_16,MW,-12.022692547838664,8,-0.0017850131215441057
sub-02,sub-02_3_17,Focus,-11.929095182270666,9,-0.008968083096547796
sub-02,sub-02_3_18,MW,-11.838221701212664,8,-0.06967623912798003
sub-02,sub-02_3_19,Focus,-12.0141033802703,9,0.042789915288828854
sub-02,sub-02_3_2,Focus,-11.922825691533058,9,0.012694136456374525
sub-02,sub-02_3_20,MW,-11.829984511856434,8,-0.05791866049221665
sub-02,sub-02_3_21,Focus,-12.008686676431092,9,-0.01906999527679337
sub-02,sub-02_3_22,MW,-11.775006481306127,8,0.06767084344884387
sub-02,sub-02_3_23,Focus,-11.94843349060435,9,-0.006590654815295043
sub-02,sub-02_3_24,MW,-11.861731924121472,8,0.06494502550259611
sub-02,sub-02_3_25,Focus,-11.932737851709499,9,0.051993927022352095
sub-02,sub-02_3_26,MW,-11.777457329341624,8,0.0315221927541366
sub-02,sub-02_3_27,Focus,-12.012610702518032,9,-0.04051251841150066
sub-02,sub-02_3_28,Focus,-12.024044465735066,9,-0.002913356435244661
sub-02,sub-02_3_29,MW,-11.805383981500995,8,-0.03137862608993687
sub-02,sub-02_3_3,Focus,-11.941992677985763,9,-0.00901011099605231
sub-02,sub-02_3_30,Focus,-12.07099567876032,9,0.03162235344448221
sub-02,sub-02_3_31,MW,-11.886458813399102,8,0.03784199144639552
sub-02,sub-02_3_32,Focus,-12.03465217628546,9,0.03234836131392522
sub-02,sub-02_3_33,Focus,-11.384965254679646,9,0.00946284296555265
sub-02,sub-02_3_4,MW,-11.90974741374129,8,0.04757568132687999
sub-02,sub-02_3_5,Focus,-11.948847165902647,9,-0.040984847414998936
sub-02,sub-02_3_6,MW,-12.001152652055225,8,-0.03456925328356471
sub-02,sub-02_3_7,Focus,-11.92795794155341,9,0.03652586809989853
sub-02,sub-02_3_8,MW,-11.955964954868424,8,0.045505422088097366
sub-02,sub-02_3_9,Focus,-11.949886995436826,9,0.006425828047708578
sub-02,sub-02_4_0,Focus,-12.054557661604115,9,-0.02260133191069424
sub-02,sub-02_4_1,Focus,-12.07410702299954,9,-0.002082850709049689
sub-02,sub-02_4_10,Focus,-12.08824200200499,9,0.012565573239202989
sub-02,sub-02_4_11,MW,-11.863450630133018,8,0.31111510160042205
sub-02,sub-02_4_12,Focus,-11.990849671997136,9,-0.0826202825247369
sub-02,sub-02_4_13,MW,-12.057132539703428,8,-0.03114820463031727
sub-02,sub-02_4_14,Focus,-12.063411631923648,9,-0.036594636780484906
sub-02,sub-02_4_15,MW,-12.149457939662344,8,0.02573314071510024
sub-02,sub-02_4_16,Focus,-12.061117808774032,9,0.04461803821871106
sub-02,sub-02_4_17,MW,-11.993792140174264,8,-0.034207492121742636
sub-02,sub-02_4_18,Focus,-12.073415620267351,9,-0.03202147741930718
sub-02,sub-02_4_19,MW,-12.094635123198342,8,0.028986308137807976
sub-02,sub-02_4_2,Focus,-12.078484576622607,9,0.03503577274867661
sub-02,sub-02_4_20,Focus,-12.018654775091042,9,0.004997076377723532
sub-02,sub-02_4_21,MW,-12.137761442764823,8,0.03393210806923016
sub-02,sub-02_4_22,Focus,-12.165015894462426,9,-0.007591992018183338
sub-02,sub-02_4_23,MW,-12.017796187703537,8,-0.051779415957702385
sub-02,sub-02_4_24,Focus,-11.99402499531545,9,-0.06254432568306055
sub-02,sub-02_4_25,MW,-12.091138129641138,8,0.020141844529027852
sub-02,sub-02_4_26,Focus,-12.079637716188248,9,0.004506024540551781
sub-02,sub-02_4_27,MW,-12.093770953387164,8,0.0017870537280503063
sub-02,sub-02_4_28,Focus,-12.057416980639644,9,-0.030599245090946203
sub-02,sub-02_4_29,MW,-12.119097428464702,8,-0.037231072461883445
sub-02,sub-02_4_3,Focus,-12.042960038780134,9,0.03241669397712064
sub-02,sub-02_4_30,Focus,-12.100479105713138,9,-0.04546861931465671
sub-02,sub-02_4_31,Focus,-11.940222413920853,9,-0.08711365865401252
sub-02,sub-02_4_4,MW,-12.019140940302911,8,0.09367587324024088
sub-02,sub-02_4_5,Focus,-11.41969762452565,9,-0.2005375558639315
sub-02,sub-02_4_6,Focus,-12.090108484170484,9,0.08046763096412511
sub-02,sub-02_4_7,MW,-12.032273158580313,8,0.029792890099480777
sub-02,sub-02_4_8,Focus,-12.053657023820005,9,0.03204724148142984
sub-02,sub-02_4_9,MW,-12.191927551427685,8,-0.02912613423538424
sub-02,sub-02_5_0,Focus,-11.765492655758356,9,-0.01755062050109483
sub-02,sub-02_5_1,Focus,-11.767355365396714,9,-0.08355601692107609
sub-02,sub-02_5_10,MW,-11.690155674066066,8,0.03549229547116542
sub-02,sub-02_5_11,Focus,-11.852069252068778,9,-0.03081877488367707
sub-02,sub-02_5_12,MW,-11.722809074106426,8,0.05480794808228934
sub-02,sub-02_5_13,Focus,-11.82696976050433,9,-0.054408592944066796
sub-02,sub-02_5_14,MW,-11.71791612246546,8,-0.012381928290548136
sub-02,sub-02_5_15,Focus,-11.903477260467856,9,-0.009751657644414146
sub-02,sub-02_5_16,MW,-11.687557093881189,8,-0.017741455399639772
sub-02,sub-02_5_17,Focus,-11.842529425907856,9,-0.002163026505807224
sub-02,sub-02_5_18,MW,-11.716820292232157,8,-0.08542848046667073
sub-02,sub-02_5_19,Focus,-11.870832148816506,9,-0.04535213882470222
sub-02,sub-02_5_2,Focus,-11.808514966091682,9,-0.06565752668104742
sub-02,sub-02_5_20,MW,-11.514529981273892,8,-0.056507247827281115
sub-02,sub-02_5_21,Focus,-11.755501756555278,9,0.012042877424991612
sub-02,sub-02_5_22,MW,-11.744551576273533,8,0.026308301001843806
sub-02,sub-02_5_23,MW,-11.65921371516272,8,0.0019548616807074344
sub-02,sub-02_5_24,Focus,-11.742856257631967,9,-0.08572261514797148
sub-02,sub-02_5_25,MW,-11.734945638253269,8,-0.0031878892858701944
sub-02,sub-02_5_26,Focus,-11.886273294637512,9,0.029770408040231955
sub-02,sub-02_5_27,MW,-11.726092730079468,8,-0.08183479335029933
sub-02,sub-02_5_28,Focus,-11.803278037022215,9,0.0009335765612404604
sub-02,sub-02_5_29,MW,-11.66716737580602,8,0.06600412647224588
sub-02,sub-02_5_3,Focus,-11.776639336783749,9,-0.01196223205755332
sub-02,sub-02_5_30,Focus,-11.78859587538029,9,0.025863901792639227
sub-02,sub-02_5_31,MW,-11.68407551376011,8,-0.14373863958721414
sub-02,sub-02_5_32,Focus,-11.718611034026857,9,-0.08277060135467615
sub-02,sub-02_5_33,MW,-11.741216812824373,8,-0.0648149768798446
sub-02,sub-02_5_34,Focus,-11.870266917413142,9,0.011133704653024911
sub-02,sub-02_5_35,Focus,-11.618543670878363,9,-0.10759237569296291
sub-02,sub-02_5_4,MW,-11.741285384100689,8,-0.07374220689774576
sub-02,sub-02_5_5,Focus,-11.741915759016207,9,0.014703879517780077
sub-02,sub-02_5_6,MW,-11.725352879819596,8,-0.00853145306509903
sub-02,sub-02_5_7,Focus,-11.844395572983892,9,-0.01106976266105105
sub-02,sub-02_5_8,MW,-11.768242064954126,8,-0.11859348875552203
sub-02,sub-02_5_9,Focus,-11.913882271327786,9,-0.036726071952298996
sub-02,sub-02_6_0,Focus,-11.988874124093638,9,-0.015834854304838167
sub-02,sub-02_6_1,Focus,-11.96135571787723,9,0.007098105692243435
sub-02,sub-02_6_10,MW,-11.969803399789452,8,0.015422496899730251
sub-02,sub-02_6_11,Focus,-11.9802523684933,9,-0.008456181674508324
sub-02,sub-02_6_12,MW,-12.01322864795477,8,-0.11279153896565
sub-02,sub-02_6_13,Focus,-11.97132832215127,9,0.0026374581688546096
sub-02,sub-02_6_14,MW,-12.014528490537183,8,0.02601863745446243
sub-02,sub-02_6_15,Focus,-11.949189824859255,9,0.029132491020467995
sub-02,sub-02_6_16,MW,-11.952032387724511,8,0.0899597817230535
sub-02,sub-02_6_17,Focus,-12.019328127761506,9,-0.0013152221840389998
sub-02,sub-02_6_18,MW,-12.052085373040791,8,-0.03770297572491062
sub-02,sub-02_6_19,Focus,-11.996163641684534,9,-0.0185026942926146
sub-02,sub-02_6_2,Focus,-11.926679454081288,9,0.09652962566628454
sub-02,sub-02_6_20,MW,-11.99026687991404,8,0.08357197929522517
sub-02,sub-02_6_21,Focus,-12.088438240578618,9,0.02585192219649029
sub-02,sub-02_6_22,MW,-11.953953722552942,8,-0.09029461761852225
sub-02,sub-02_6_23,Focus,-12.090806017397155,9,0.05498441311720587
sub-02,sub-02_6_24,MW,-11.919878246868034,8,-0.06441901423678555
sub-02,sub-02_6_25,Focus,-11.986840987167605,9,-0.027980241460007913
sub-02,sub-02_6_26,MW,-11.940241082774643,8,-0.050322077548504394
sub-02,sub-02_6_27,Focus,-11.99282167870592,9,0.02888204097522048
sub-02,sub-02_6_28,MW,-12.017801933152604,8,0.0052935802225351145
sub-02,sub-02_6_29,Focus,-12.045965515784582,9,-0.09197722976503035
sub-02,sub-02_6_3,Focus,-11.943270854487075,9,-0.043238311123109475
sub-02,sub-02_6_30,MW,-11.98035072989234,8,0.024595812856111787
sub-02,sub-02_6_31,Focus,-12.019679295105066,9,0.0721808343254585
sub-02,sub-02_6_32,MW,-11.982842195553722,8,0.08314838042102228
sub-02,sub-02_6_33,Focus,-12.01684023512937,9,0.051383624680231305
sub-02,sub-02_6_34,MW,-12.086665775345057,8,0.05642274378726273
sub-02,sub-02_6_35,Focus,-12.049426133992588,9,-0.018036535593466196
sub-02,sub-02_6_36,MW,-12.04545943183432,8,-0.040890593553159035
sub-02,sub-02_6_37,Focus,-12.0064246525076,9,0.05154010497735683
sub-02,sub-02_6_38,MW,-12.022096521458636,8,-0.06726404595684693
sub-02,sub-02_6_39,Focus,-11.977517411479507,9,0.005291118656569722
sub-02,sub-02_6_4,MW,-12.05526135416447,8,0.07259392721692766
sub-02,sub-02_6_40,MW,-11.910930868027242,8,0.06536446580227165
sub-02,sub-02_6_41,Focus,-12.030072379554914,9,-0.011623314823040257
sub-02,sub-02_6_42,MW,-12.012045737186341,8,-0.01093633219545886
sub-02,sub-02_6_43,Focus,-11.835227178909786,9,0.06295665778544514
sub-02,sub-02_6_44,Focus,-11.895212411460339,9,-0.05918060647609244
sub-02,sub-02_6_5,Focus,-11.990891870729763,9,-0.034925080391364216
sub-02,sub-02_6_6,MW,-11.924076119569651,8,-0.10938733877281145
sub-02,sub-02_6_7,Focus,-12.005318622898422,9,0.047332474457812135
sub-02,sub-02_6_8,MW,-11.91032656860874,8,-0.042348425933778217
sub-02,sub-02_6_9,Focus,-12.007673582250156,9,-0.03330695393718785
sub-02,sub-02_7_0,Focus,-11.797712416166783,9,-0.059231499059464995
sub-02,sub-02_7_1,Focus,-11.838190748955455,9,0.025141663279322175
sub-02,sub-02_7_10,MW,-11.8877296127628,8,0.04761989732515949
sub-02,sub-02_7_11,Focus,-11.973975301413178,9,-0.03363460636839741
sub-02,sub-02_7_12,MW,-11.912555892783212,8,-0.01846905956188129
sub-02,sub-02_7_13,Focus,-11.908170080603947,9,-0.05591538092484261
sub-02,sub-02_7_14,MW,-11.916824559242258,8,-0.004532737636709096
sub-02,sub-02_7_15,Focus,-11.978403926618117,9,-0.00285862776130307
sub-02,sub-02_7_16,MW,-11.931810730167768,8,-0.025359066673078065
sub-02,sub-02_7_17,Focus,-11.95532708140162,9,0.025460040025108977
sub-02,sub-02_7_18,MW,-11.743185583840148,8,-0.20832419935596383
sub-02,sub-02_7_19,Focus,-11.95297207171991,9,-0.052683639126582874
sub-02,sub-02_7_2,Focus,-11.854553817863449,9,-0.005665169741312912
sub-02,sub-02_7_20,MW,-11.888398185510471,8,0.062136776650779685
sub-02,sub-02_7_21,Focus,-11.860594691563977,9,-0.03228924500287045
sub-02,sub-02_7_22,MW,-11.838331567516532,8,0.013900321909833624
sub-02,sub-02_7_23,Focus,-12.017494999704148,9,0.014807681743705304
sub-02,sub-02_7_24,MW,-11.92551107901098,8,0.0827939740318391
sub-02,sub-02_7_25,Focus,-11.881244039850936,9,-0.011185066310073105
sub-02,sub-02_7_26,MW,-11.935783711405431,8,-0.05672253530859019
sub-02,sub-02_7_27,Focus,-11.943064976538036,9,-0.013081799404122487
sub-02,sub-02_7_28,MW,-11.997220887063353,8,-0.02568632489411086
sub-02,sub-02_7_29,Focus,-11.948975294941398,9,-0.02242237344279721
sub-02,sub-02_7_3,Focus,-11.907025157171878,9,0.01579254821314028
sub-02,sub-02_7_30,MW,-11.934438505348473,8,0.018443518787411597
sub-02,sub-02_7_31,Focus,-12.01222979275411,9,0.0010766261828135425
sub-02,sub-02_7_32,MW,-11.771499398635374,8,0.008966640137980783
sub-02,sub-02_7_33,Focus,-11.997849028596612,9,-0.016988486906357243
sub-02,sub-02_7_34,MW,-12.00600539886792,8,0.0011240522810232905
sub-02,sub-02_7_35,Focus,-11.974749302605343,9,-0.08240446020445528
sub-02,sub-02_7_36,MW,-11.995754043044936,8,-0.025633817512169806
sub-02,sub-02_7_37,Focus,-11.875517303343257,9,0.0665032997599037
sub-02,sub-02_7_38,MW,-11.925185193789297,8,0.048384479285888966
sub-02,sub-02_7_39,Focus,-12.053683479771202,9,-0.012314465790977685
sub-02,sub-02_7_4,MW,-11.89577035640811,8,-0.019387645038809815
sub-02,sub-02_7_40,MW,-11.997585394279533,8,-0.046851485614440455
sub-02,sub-02_7_41,Focus,-12.044742631498004,9,0.0041520468962626695
sub-02,sub-02_7_42,Focus,-12.03682304830962,9,0.03009416937567686
sub-02,sub-02_7_5,Focus,-11.820130859249264,9,-0.06635185656336244
sub-02,sub-02_7_6,MW,-11.957645139878696,8,-0.006623405227343117
sub-02,sub-02_7_7,Focus,-11.965308015705158,9,-0.005206301410249739
sub-02,sub-02_7_8,MW,-11.882917669886133,8,0.059220013438154036
sub-02,sub-02_7_9,Focus,-11.868105919214592,9,-0.07461080011812254
sub-02,sub-02_8_0,Focus,-11.921812391717102,9,-0.18580587233763038
sub-02,sub-02_8_1,Focus,-11.988782648204038,9,0.043273606652353115
sub-02,sub-02_8_10,MW,-11.927631791886341,8,-0.02596634078810127
sub-02,sub-02_8_11,Focus,-11.89595319667978,9,-0.005884999035400302
sub-02,sub-02_8_12,MW,-11.971627079259417,8,0.0030627543569128664
sub-02,sub-02_8_13,Focus,-11.935143084096204,9,0.028143396536044123
sub-02,sub-02_8_14,MW,-12.025219112792515,8,0.05240926319080063
sub-02,sub-02_8_15,Focus,-11.936401917615052,9,-0.03720344171085943
sub-02,sub-02_8_16,MW,-12.041415668522566,8,0.022636712541078755
sub-02,sub-02_8_17,Focus,-11.96092611299765,9,0.03370588036653936
sub-02,sub-02_8_18,MW,-11.973686685162793,8,-0.015844757179961103
sub-02,sub-02_8_19,Focus,-12.057926325588314,9,-0.00554722071556263
sub-02,sub-02_8_2,Focus,-11.998997228538625,9,0.07936380791302103
sub-02,sub-02_8_20,MW,-12.006013511656526,8,0.001288522267374669
sub-02,sub-02_8_21,Focus,-11.952970196117878,9,0.02943764645767778
sub-02,sub-02_8_22,MW,-11.924573873962471,8,0.16870477586862828
sub-02,sub-02_8_23,Focus,-11.980111770380695,9,0.04209438923171985
sub-02,sub-02_8_24,MW,-11.96593335949538,8,0.05734194383756156
sub-02,sub-02_8_25,Focus,-11.98358973852924,9,-0.10991456923478099
sub-02,sub-02_8_26,MW,-11.99136825858859,8,-0.02870843232072988
sub-02,sub-02_8_27,Focus,-12.033574357942616,9,0.03783948147407545
sub-02,sub-02_8_28,MW,-11.877832697970284,8,0.048481739379113584
sub-02,sub-02_8_29,Focus,-12.015903804839619,9,-0.012442840249495364
sub-02,sub-02_8_3,Focus,-11.95281228493061,9,-0.03206572446245118
sub-02,sub-02_8_30,MW,-11.946253660388722,8,0.06183126301523692
sub-02,sub-02_8_31,Focus,-11.938607287864137,9,0.028157897107969322
sub-02,sub-02_8_32,MW,-11.913789077782255,8,0.08752483122882782
sub-02,sub-02_8_33,Focus,-11.958484232918481,9,-0.013174286466167242
sub-02,sub-02_8_34,MW,-12.10700697486886,8,-0.030938117335761798
sub-02,sub-02_8_35,Focus,-11.981721693575215,9,-0.03434576863056257
sub-02,sub-02_8_36,MW,-11.991084565298628,8,0.11927453339580274
sub-02,sub-02_8_37,Focus,-11.88556433388215,9,-0.10836656311439295
sub-02,sub-02_8_38,Focus,-11.810978845358827,9,-0.021962296604959828
sub-02,sub-02_8_4,MW,-12.02821077566903,8,-0.027582462753119825
sub-02,sub-02_8_5,Focus,-11.995386460353636,9,0.017700797383242647
sub-02,sub-02_8_6,MW,-12.046635051788233,8,-0.010882309779689845
sub-02,sub-02_8_7,Focus,-11.975770349764664,9,-0.005230499954923618
sub-02,sub-02_8_8,MW,-11.992204388986854,8,-0.020606012209196636
sub-02,sub-02_8_9,Focus,-11.9262561528601,9,-0.052814145108621806
sub-02,sub-02_9_0,Focus,-11.736856323498849,9,-0.06586640234123166
sub-02,sub-02_9_1,Focus,-11.763000582189026,9,-0.059870962199291576
sub-02,sub-02_9_10,MW,-11.582185967272048,8,0.004869165128500379
sub-02,sub-02_9_11,Focus,-11.89937717980097,9,0.01662757417932335
sub-02,sub-02_9_12,MW,-11.668801625633254,8,-0.04029477674849346
sub-02,sub-02_9_13,Focus,-11.890646619358979,9,-0.07948464005806942
sub-02,sub-02_9_14,MW,-11.801547686090569,8,0.003960184234034665
sub-02,sub-02_9_15,Focus,-11.785049192101846,9,0.008372025426945847
sub-02,sub-02_9_16,MW,-11.884875660639247,8,-0.0006924006932985202
sub-02,sub-02_9_17,Focus,-11.813540524997252,9,0.052546993427118424
sub-02,sub-02_9_18,MW,-11.883743203935524,8,0.0529096009609058
sub-02,sub-02_9_19,Focus,-11.846295355360981,9,0.02534348146515439
sub-02,sub-02_9_2,Focus,-11.818817566108489,9,-0.03679532474450084
sub-02,sub-02_9_20,MW,-11.885968480258375,8,0.04221083992854587
sub-02,sub-02_9_21,Focus,-11.898676770367974,9,0.0010034635938040671
sub-02,sub-02_9_22,MW,-11.77696607255656,8,0.10102786900566744
sub-02,sub-02_9_23,Focus,-11.822781633206855,9,-0.0642568305865144
sub-02,sub-02_9_24,MW,-11.599890080417225,8,0.01788149190441338
sub-02,sub-02_9_25,Focus,-11.881296691532542,9,0.035469462745287915
sub-02,sub-02_9_26,MW,-11.838162218276473,8,-0.06414066691808618
sub-02,sub-02_9_27,Focus,-11.71659819270572,9,-0.002098564055700639
sub-02,sub-02_9_28,MW,-11.650813915635059,8,-0.0051192395349068205
sub-02,sub-02_9_29,Focus,-11.874054721808896,9,0.015224512104144286
sub-02,sub-02_9_3,Focus,-11.89927908778439,9,-0.027471503810347516
sub-02,sub-02_9_30,MW,-11.865716413039646,8,0.03665261739564596
sub-02,sub-02_9_31,Focus,-11.830166599298856,9,-0.06959104274082317
sub-02,sub-02_9_32,Focus,-11.866143240981494,9,0.011587864999115384
sub-02,sub-02_9_4,MW,-11.875404444364847,8,-0.0396214509868496
sub-02,sub-02_9_5,Focus,-11.841536074077059,9,0.015298731150561452
sub-02,sub-02_9_6,MW,-11.833844484023881,8,-0.04115542666729784
sub-02,sub-02_9_7,Focus,-11.872044398644114,9,0.01583771184449787
sub-02,sub-02_9_8,MW,-11.923766733131668,8,-0.03838909814147095
sub-02,sub-02_9_9,Focus,-11.803284594956692,9,0.038878026605651865
