Model,Accuracy,Precision,Recall,F1,ROC-AUC,Window,ArtifactCondition,Category,Variant,N_Features
SVM,0.6085271317829457,0.5337423312883436,0.7767857142857143,0.6327272727272727,0.6712940313111546,Analysis_Window,Raw,Baseline,Full Feature Set,1152
Logistic Regression,0.627906976744186,0.55,0.7857142857142857,0.6470588235294118,0.7459637964774952,Analysis_Window,Raw,Baseline,Full Feature Set,1152
SVM,0.6356589147286822,0.55625,0.7946428571428571,0.6544117647058824,0.6765533268101761,Analysis_Window,Raw,Feature Family (Omit),Omit Time-Domain,640
Logistic Regression,0.6434108527131783,0.5714285714285714,0.7142857142857143,0.6349206349206349,0.7720768101761253,Analysis_Window,Raw,Feature Family (Omit),Omit Time-Domain,640
SVM,0.5852713178294574,0.5146198830409356,0.7857142857142857,0.6219081272084805,0.6723336594911937,Analysis_Window,Raw,Feature Family (Omit),Omit Hjorth,960
Logistic Regression,0.6162790697674418,0.5424836601307189,0.7410714285714286,0.6264150943396226,0.7446795499021527,Analysis_Window,Raw,Feature Family (Omit),Omit Hjorth,960
SVM,0.5968992248062015,0.5246913580246914,0.7589285714285714,0.6204379562043796,0.6470768101761252,Analysis_Window,Raw,Feature Family (Omit),Omit Spectral,896
Logistic Regression,0.5813953488372093,0.5121951219512195,0.75,0.6086956521739131,0.6447529354207436,Analysis_Window,Raw,Feature Family (Omit),Omit Spectral,896
SVM,0.6124031007751938,0.5375,0.7678571428571429,0.6323529411764706,0.6793664383561644,Analysis_Window,Raw,Feature Family (Omit),Omit Entropy,960
Logistic Regression,0.6046511627906976,0.5304878048780488,0.7767857142857143,0.6304347826086957,0.7302470645792564,Analysis_Window,Raw,Feature Family (Omit),Omit Entropy,960
SVM,0.6007751937984496,0.5263157894736842,0.8035714285714286,0.6360424028268551,0.648238747553816,Analysis_Window,Raw,Feature Family (Isolate),Only Time-Domain,512
Logistic Regression,0.5348837209302325,0.47368421052631576,0.6428571428571429,0.5454545454545454,0.5999877690802349,Analysis_Window,Raw,Feature Family (Isolate),Only Time-Domain,512
SVM,0.6356589147286822,0.5608108108108109,0.7410714285714286,0.6384615384615384,0.6385763209393347,Analysis_Window,Raw,Feature Family (Isolate),Only Hjorth,192
Logistic Regression,0.5465116279069767,0.4853801169590643,0.7410714285714286,0.5865724381625441,0.6086105675146771,Analysis_Window,Raw,Feature Family (Isolate),Only Hjorth,192
SVM,0.6666666666666666,0.5902777777777778,0.7589285714285714,0.6640625,0.7418664383561644,Analysis_Window,Raw,Feature Family (Isolate),Only Spectral,256
Logistic Regression,0.7403100775193798,0.7319587628865979,0.6339285714285714,0.6794258373205742,0.7676125244618396,Analysis_Window,Raw,Feature Family (Isolate),Only Spectral,256
SVM,0.5852713178294574,0.5153374233128835,0.75,0.610909090909091,0.6616316046966733,Analysis_Window,Raw,Feature Family (Isolate),Only Entropy,192
Logistic Regression,0.5542635658914729,0.4913294797687861,0.7589285714285714,0.5964912280701754,0.6964897260273972,Analysis_Window,Raw,Feature Family (Isolate),Only Entropy,192
SVM,0.6550387596899225,0.5851851851851851,0.7053571428571429,0.6396761133603239,0.7443126223091977,Analysis_Window,Raw,Scalp Region (Omit),Omit Anterior (Frontal),720
Logistic Regression,0.6085271317829457,0.535483870967742,0.7410714285714286,0.6217228464419475,0.7422333659491195,Analysis_Window,Raw,Scalp Region (Omit),Omit Anterior (Frontal),720
SVM,0.5852713178294574,0.5146198830409356,0.7857142857142857,0.6219081272084805,0.6190680039138943,Analysis_Window,Raw,Scalp Region (Omit),Omit Central & Temporal,792
Logistic Regression,0.5813953488372093,0.5125,0.7321428571428571,0.6029411764705882,0.7000366927592955,Analysis_Window,Raw,Scalp Region (Omit),Omit Central & Temporal,792
SVM,0.5697674418604651,0.5041322314049587,0.5446428571428571,0.5236051502145923,0.6406555772994129,Analysis_Window,Raw,Scalp Region (Omit),Omit Posterior,792
Logistic Regression,0.627906976744186,0.5506329113924051,0.7767857142857143,0.6444444444444445,0.7605797455968689,Analysis_Window,Raw,Scalp Region (Omit),Omit Posterior,792
SVM,0.5503875968992248,0.484375,0.5535714285714286,0.5166666666666667,0.6188845401174168,Analysis_Window,Raw,Scalp Region (Isolate),Only Anterior (Frontal),432
Logistic Regression,0.6124031007751938,0.5461538461538461,0.6339285714285714,0.5867768595041323,0.6753913894324853,Analysis_Window,Raw,Scalp Region (Isolate),Only Anterior (Frontal),432
SVM,0.6666666666666666,0.6805555555555556,0.4375,0.532608695652174,0.7343444227005872,Analysis_Window,Raw,Scalp Region (Isolate),Only Central & Temporal,360
Logistic Regression,0.6589147286821705,0.5769230769230769,0.8035714285714286,0.6716417910447762,0.7751956947162426,Analysis_Window,Raw,Scalp Region (Isolate),Only Central & Temporal,360
SVM,0.5930232558139535,0.5212121212121212,0.7678571428571429,0.6209386281588448,0.7414995107632094,Analysis_Window,Raw,Scalp Region (Isolate),Only Posterior,360
Logistic Regression,0.6666666666666666,0.6274509803921569,0.5714285714285714,0.5981308411214953,0.712940313111546,Analysis_Window,Raw,Scalp Region (Isolate),Only Posterior,360
SVM,0.5,0.4604651162790698,0.8839285714285714,0.6055045871559633,0.59668542074364,Analysis_Window,ICA_Cleaned,Baseline,Full Feature Set,1152
Logistic Regression,0.5852713178294574,0.5141242937853108,0.8125,0.629757785467128,0.7117783757338553,Analysis_Window,ICA_Cleaned,Baseline,Full Feature Set,1152
SVM,0.5426356589147286,0.4854368932038835,0.8928571428571429,0.6289308176100629,0.6090386497064579,Analysis_Window,ICA_Cleaned,Feature Family (Omit),Omit Time-Domain,640
Logistic Regression,0.5813953488372093,0.5113636363636364,0.8035714285714286,0.625,0.7347725048923679,Analysis_Window,ICA_Cleaned,Feature Family (Omit),Omit Time-Domain,640
SVM,0.4883720930232558,0.4532710280373832,0.8660714285714286,0.5950920245398773,0.5895303326810175,Analysis_Window,ICA_Cleaned,Feature Family (Omit),Omit Hjorth,960
Logistic Regression,0.5891472868217055,0.5180722891566265,0.7678571428571429,0.6187050359712231,0.6792441291585127,Analysis_Window,ICA_Cleaned,Feature Family (Omit),Omit Hjorth,960
SVM,0.46511627906976744,0.4419642857142857,0.8839285714285714,0.5892857142857143,0.5557118395303327,Analysis_Window,ICA_Cleaned,Feature Family (Omit),Omit Spectral,896
Logistic Regression,0.5736434108527132,0.5064102564102564,0.7053571428571429,0.5895522388059702,0.6164995107632094,Analysis_Window,ICA_Cleaned,Feature Family (Omit),Omit Spectral,896
SVM,0.5193798449612403,0.4716981132075472,0.8928571428571429,0.6172839506172839,0.6120963796477495,Analysis_Window,ICA_Cleaned,Feature Family (Omit),Omit Entropy,960
Logistic Regression,0.5968992248062015,0.5246913580246914,0.7589285714285714,0.6204379562043796,0.6939212328767124,Analysis_Window,ICA_Cleaned,Feature Family (Omit),Omit Entropy,960
SVM,0.46124031007751937,0.4377880184331797,0.8482142857142857,0.5775075987841946,0.5171844422700587,Analysis_Window,ICA_Cleaned,Feature Family (Isolate),Only Time-Domain,512
Logistic Regression,0.5232558139534884,0.456,0.5089285714285714,0.4810126582278481,0.5497798434442269,Analysis_Window,ICA_Cleaned,Feature Family (Isolate),Only Time-Domain,512
SVM,0.4844961240310077,0.44,0.6875,0.5365853658536586,0.5637842465753424,Analysis_Window,ICA_Cleaned,Feature Family (Isolate),Only Hjorth,192
Logistic Regression,0.5271317829457365,0.46621621621621623,0.6160714285714286,0.5307692307692308,0.5526541095890412,Analysis_Window,ICA_Cleaned,Feature Family (Isolate),Only Hjorth,192
SVM,0.5697674418604651,0.5031055900621118,0.7232142857142857,0.5934065934065934,0.6392490215264188,Analysis_Window,ICA_Cleaned,Feature Family (Isolate),Only Spectral,256
Logistic Regression,0.6937984496124031,0.6941176470588235,0.5267857142857143,0.5989847715736041,0.6423679060665362,Analysis_Window,ICA_Cleaned,Feature Family (Isolate),Only Spectral,256
SVM,0.4573643410852713,0.43636363636363634,0.8571428571428571,0.5783132530120482,0.5122309197651664,Analysis_Window,ICA_Cleaned,Feature Family (Isolate),Only Entropy,192
Logistic Regression,0.5503875968992248,0.487012987012987,0.6696428571428571,0.5639097744360902,0.6034735812133073,Analysis_Window,ICA_Cleaned,Feature Family (Isolate),Only Entropy,192
SVM,0.5813953488372093,0.5103092783505154,0.8839285714285714,0.6470588235294118,0.688600782778865,Analysis_Window,ICA_Cleaned,Scalp Region (Omit),Omit Anterior (Frontal),720
Logistic Regression,0.6007751937984496,0.5294117647058824,0.7232142857142857,0.6113207547169811,0.6901296477495108,Analysis_Window,ICA_Cleaned,Scalp Region (Omit),Omit Anterior (Frontal),720
SVM,0.5232558139534884,0.47342995169082125,0.875,0.6144200626959248,0.603901663405088,Analysis_Window,ICA_Cleaned,Scalp Region (Omit),Omit Central & Temporal,792
Logistic Regression,0.5930232558139535,0.5222929936305732,0.7321428571428571,0.6096654275092936,0.6723336594911937,Analysis_Window,ICA_Cleaned,Scalp Region (Omit),Omit Central & Temporal,792
SVM,0.4844961240310077,0.44878048780487806,0.8214285714285714,0.580441640378549,0.5153498043052838,Analysis_Window,ICA_Cleaned,Scalp Region (Omit),Omit Posterior,792
Logistic Regression,0.5813953488372093,0.5112359550561798,0.8125,0.6275862068965518,0.7139799412915852,Analysis_Window,ICA_Cleaned,Scalp Region (Omit),Omit Posterior,792
SVM,0.49612403100775193,0.45544554455445546,0.8214285714285714,0.5859872611464968,0.5224437377690803,Analysis_Window,ICA_Cleaned,Scalp Region (Isolate),Only Anterior (Frontal),432
Logistic Regression,0.5852713178294574,0.5149700598802395,0.7678571428571429,0.6164874551971327,0.6444471624266145,Analysis_Window,ICA_Cleaned,Scalp Region (Isolate),Only Anterior (Frontal),432
SVM,0.5542635658914729,0.4913294797687861,0.7589285714285714,0.5964912280701754,0.6172945205479453,Analysis_Window,ICA_Cleaned,Scalp Region (Isolate),Only Central & Temporal,360
Logistic Regression,0.5891472868217055,0.5174418604651163,0.7946428571428571,0.6267605633802817,0.726394324853229,Analysis_Window,ICA_Cleaned,Scalp Region (Isolate),Only Central & Temporal,360
SVM,0.5658914728682171,0.5,0.8571428571428571,0.631578947368421,0.7237646771037183,Analysis_Window,ICA_Cleaned,Scalp Region (Isolate),Only Posterior,360
Logistic Regression,0.624031007751938,0.5688073394495413,0.5535714285714286,0.5610859728506787,0.6630993150684931,Analysis_Window,ICA_Cleaned,Scalp Region (Isolate),Only Posterior,360
SVM,0.7146516393442623,0.705244122965642,0.49744897959183676,0.5833956619296934,0.7225142839670115,Analysis_Window,Raw,Baseline (Band),Full Band Feature Set,1216
Logistic Regression,0.6711065573770492,0.678391959798995,0.34438775510204084,0.45685279187817257,0.6703505032149847,Analysis_Window,Raw,Baseline (Band),Full Band Feature Set,1216
SVM,0.7172131147540983,0.7101449275362319,0.5,0.5868263473053892,0.7296933970506011,Analysis_Window,Raw,Frequency Band (Omit),Omit Delta,1088
Logistic Regression,0.6542008196721312,0.6415584415584416,0.31505102040816324,0.42258340461933275,0.6586743430248813,Analysis_Window,Raw,Frequency Band (Omit),Omit Delta,1088
SVM,0.6854508196721312,0.6440677966101694,0.4846938775510204,0.5531295487627366,0.6879062412636288,Analysis_Window,Raw,Frequency Band (Omit),Omit Theta,832
Logistic Regression,0.6690573770491803,0.6413934426229508,0.399234693877551,0.4921383647798742,0.6685693755241823,Analysis_Window,Raw,Frequency Band (Omit),Omit Theta,832
SVM,0.6116803278688525,0.5175202156334232,0.4897959183673469,0.5032765399737876,0.6373390323595192,Analysis_Window,Raw,Frequency Band (Omit),Omit Alpha,768
Logistic Regression,0.6229508196721312,0.5701754385964912,0.24872448979591838,0.3463587921847247,0.6108547228823036,Analysis_Window,Raw,Frequency Band (Omit),Omit Alpha,768
SVM,0.7085040983606558,0.6972477064220184,0.4846938775510204,0.5718585402558315,0.7153078697232318,Analysis_Window,Raw,Frequency Band (Omit),Omit Beta,1088
Logistic Regression,0.6823770491803278,0.6943127962085308,0.3737244897959184,0.4859038142620232,0.6637392542633491,Analysis_Window,Raw,Frequency Band (Omit),Omit Beta,1088
SVM,0.7074795081967213,0.6852173913043478,0.5025510204081632,0.5798381162619574,0.7216122536343305,Analysis_Window,Raw,Frequency Band (Omit),Omit Gamma,1088
Logistic Regression,0.6485655737704918,0.5976095617529881,0.3826530612244898,0.4665629860031104,0.6460896002236511,Analysis_Window,Raw,Frequency Band (Omit),Omit Gamma,1088
SVM,0.5281762295081968,0.4281217208814271,0.5204081632653061,0.4697754749568221,0.5368882356024601,Analysis_Window,Raw,Frequency Band (Isolate),Only Delta,128
Logistic Regression,0.5245901639344263,0.41964285714285715,0.47959183673469385,0.44761904761904764,0.5261184739306681,Analysis_Window,Raw,Frequency Band (Isolate),Only Delta,128
SVM,0.5486680327868853,0.45411542100283825,0.6122448979591837,0.5214557305812059,0.5686853508526699,Analysis_Window,Raw,Frequency Band (Isolate),Only Theta,384
Logistic Regression,0.5829918032786885,0.4725274725274725,0.32908163265306123,0.3879699248120301,0.5640649025020967,Analysis_Window,Raw,Frequency Band (Isolate),Only Theta,384
SVM,0.7095286885245902,0.7090558766859345,0.46938775510204084,0.5648503453568687,0.720223170603858,Analysis_Window,Raw,Frequency Band (Isolate),Only Alpha,448
Logistic Regression,0.6203893442622951,0.5265104808877928,0.5446428571428571,0.535423197492163,0.6525217535644394,Analysis_Window,Raw,Frequency Band (Isolate),Only Alpha,448
SVM,0.5133196721311475,0.3957286432160804,0.4017857142857143,0.3987341772151899,0.4948204238887336,Analysis_Window,Raw,Frequency Band (Isolate),Only Beta,128
Logistic Regression,0.5461065573770492,0.43089430894308944,0.40561224489795916,0.4178712220762155,0.5458801457226726,Analysis_Window,Raw,Frequency Band (Isolate),Only Beta,128
SVM,0.5835040983606558,0.45084745762711864,0.16964285714285715,0.24652455977757182,0.526908023483366,Analysis_Window,Raw,Frequency Band (Isolate),Only Gamma,128
Logistic Regression,0.5425204918032787,0.37054631828978624,0.1989795918367347,0.25892116182572616,0.49699687237908863,Analysis_Window,Raw,Frequency Band (Isolate),Only Gamma,128
SVM,0.6977459016393442,0.6701754385964912,0.4872448979591837,0.5642540620384048,0.7146499117626504,Analysis_Window,ICA_Cleaned,Baseline (Band),Full Band Feature Set,1216
Logistic Regression,0.6198770491803278,0.5439330543933054,0.33163265306122447,0.4120443740095087,0.612326801439754,Analysis_Window,ICA_Cleaned,Baseline (Band),Full Band Feature Set,1216
SVM,0.7064549180327869,0.6942909760589319,0.48086734693877553,0.5681989449886963,0.7269922202613921,Analysis_Window,ICA_Cleaned,Frequency Band (Omit),Omit Delta,1088
Logistic Regression,0.625,0.5677083333333334,0.2780612244897959,0.3732876712328767,0.6249443056332122,Analysis_Window,ICA_Cleaned,Frequency Band (Omit),Omit Delta,1088
SVM,0.6875,0.6469594594594594,0.4885204081632653,0.5566860465116279,0.6980775615040538,Analysis_Window,ICA_Cleaned,Frequency Band (Omit),Omit Theta,832
Logistic Regression,0.6214139344262295,0.5433526011560693,0.3596938775510204,0.4328472755180353,0.6175227582471345,Analysis_Window,ICA_Cleaned,Frequency Band (Omit),Omit Theta,832
SVM,0.5922131147540983,0.49107142857142855,0.42091836734693877,0.4532967032967033,0.6172071568353369,Analysis_Window,ICA_Cleaned,Frequency Band (Omit),Omit Alpha,768
Logistic Regression,0.6014344262295082,0.5053003533568905,0.3647959183673469,0.4237037037037037,0.5982164698071009,Analysis_Window,ICA_Cleaned,Frequency Band (Omit),Omit Alpha,768
SVM,0.6659836065573771,0.6,0.5051020408163265,0.5484764542936288,0.6708774156066536,Analysis_Window,ICA_Cleaned,Frequency Band (Omit),Omit Beta,1088
Logistic Regression,0.6065573770491803,0.5124223602484472,0.42091836734693877,0.46218487394957986,0.6013124213726587,Analysis_Window,ICA_Cleaned,Frequency Band (Omit),Omit Beta,1088
SVM,0.6869877049180327,0.6312594840667678,0.5306122448979592,0.5765765765765766,0.7110030227844563,Analysis_Window,ICA_Cleaned,Frequency Band (Omit),Omit Gamma,1088
Logistic Regression,0.6137295081967213,0.5311203319502075,0.32653061224489793,0.40442338072669826,0.603691990494828,Analysis_Window,ICA_Cleaned,Frequency Band (Omit),Omit Gamma,1088
SVM,0.5220286885245902,0.40581542351453853,0.4094387755102041,0.4076190476190476,0.5301961752166621,Analysis_Window,ICA_Cleaned,Frequency Band (Isolate),Only Delta,128
Logistic Regression,0.5025614754098361,0.40270551508844954,0.49362244897959184,0.44355300859598856,0.5062213883841208,Analysis_Window,ICA_Cleaned,Frequency Band (Isolate),Only Delta,128
SVM,0.5425204918032787,0.4444444444444444,0.5561224489795918,0.4940509915014164,0.542946909071848,Analysis_Window,ICA_Cleaned,Frequency Band (Isolate),Only Theta,384
Logistic Regression,0.5855532786885246,0.4849939975990396,0.5153061224489796,0.4996907854050711,0.6086280402571987,Analysis_Window,ICA_Cleaned,Frequency Band (Isolate),Only Theta,384
SVM,0.6362704918032787,0.5461346633416458,0.5586734693877551,0.5523329129886507,0.6691579885378809,Analysis_Window,ICA_Cleaned,Frequency Band (Isolate),Only Alpha,448
Logistic Regression,0.5860655737704918,0.4879759519038076,0.6211734693877551,0.5465768799102132,0.6321266948560246,Analysis_Window,ICA_Cleaned,Frequency Band (Isolate),Only Alpha,448
SVM,0.5527663934426229,0.4301412872841444,0.3494897959183674,0.3856439127375088,0.5372682677523064,Analysis_Window,ICA_Cleaned,Frequency Band (Isolate),Only Beta,128
Logistic Regression,0.5496926229508197,0.41796200345423146,0.3086734693877551,0.35509904622157007,0.5406415991053956,Analysis_Window,ICA_Cleaned,Frequency Band (Isolate),Only Beta,128
SVM,0.5496926229508197,0.379746835443038,0.1913265306122449,0.2544529262086514,0.514104871400615,Analysis_Window,ICA_Cleaned,Frequency Band (Isolate),Only Gamma,128
Logistic Regression,0.5471311475409836,0.41638795986622074,0.31760204081632654,0.36034732272069464,0.5091076670394186,Analysis_Window,ICA_Cleaned,Frequency Band (Isolate),Only Gamma,128
